Workbook
Name Aperturas: EJERCICIOS!$C$3:$C$5
Name Aperturas_Bajo: EJERCICIOS!$C$6:$C$6
Name Aperturas_Inclinado: EJERCICIOS!$C$3:$C$3
Name Aperturas_Medio: EJERCICIOS!$C$4:$C$5
Name Band_Pull_Apart: EJERCICIOS!$C$7:$C$7
Name BASES_AGARRE: EJERCICIOS!$I$3:$I$3
Name BASES_ANTEBRAZO: EJERCICIOS!$I$4:$I$4
Name BASES_BICEPS: EJERCICIOS!$I$5:$I$6
Name BASES_CIERRE: EJERCICIOS!$I$7:$I$10
Name BASES_CORE: EJERCICIOS!$I$11:$I$14
Name BASES_CUADRICEPS: EJERCICIOS!$I$15:$I$17
Name BASES_ESPALDA: EJERCICIOS!$I$18:$I$23
Name BASES_ESPALDA_ANCHURA: EJERCICIOS!$I$56:$I$58
Name BASES_ESPALDA_DENSIDAD: EJERCICIOS!$I$59:$I$61
Name BASES_FEMORAL: EJERCICIOS!$I$24:$I$25
Name BASES_GEMELO: EJERCICIOS!$I$26:$I$27
Name BASES_HOMBRO: EJERCICIOS!$I$28:$I$33
Name BASES_LIST: EJERCICIOS!$F$2:$F$42
Name BASES_LUMBAR: EJERCICIOS!$I$34:$I$35
Name BASES_PECHO: EJERCICIOS!$I$36:$I$42
Name BASES_PECHO_ALTO: EJERCICIOS!$I$51:$I$52
Name BASES_PECHO_AMPLITUD: EJERCICIOS!$I$50:$I$52
Name BASES_PECHO_BAJO: EJERCICIOS!$I$53:$I$55
Name BASES_PECHO_MEDIO: EJERCICIOS!$I$49:$I$50
Name BASES_PECHO_PLANO: EJERCICIOS!$I$47:$I$48
Name BASES_TRAPECIOS: EJERCICIOS!$I$43:$I$45
Name BASES_TRICEPS: EJERCICIOS!$I$46:$I$48
Name Crunch: EJERCICIOS!$C$8:$C$9
Name Curl_Biceps: EJERCICIOS!$C$10:$C$15
Name Curl_Femoral: EJERCICIOS!$C$16:$C$17
Name Curl_Martillo: EJERCICIOS!$C$18:$C$18
Name Curl_Muneca: EJERCICIOS!$C$19:$C$21
Name Curl_Rumano: EJERCICIOS!$C$22:$C$22
Name Dominadas: EJERCICIOS!$C$23:$C$23
Name Elevacion_Gemelo: EJERCICIOS!$C$24:$C$25
Name Elevacion_Piernas: EJERCICIOS!$C$26:$C$26
Name Elevacion_Talones: EJERCICIOS!$C$27:$C$27
Name Elevaciones_Laterales: EJERCICIOS!$C$28:$C$30
Name Elevaciones_Posteriores: EJERCICIOS!$C$31:$C$31
Name Encogimientos: EJERCICIOS!$C$32:$C$32
Name Estiramiento: EJERCICIOS!$C$33:$C$33
Name Extension_Cuadriceps: EJERCICIOS!$C$34:$C$35
Name Extension_Triceps: EJERCICIOS!$C$36:$C$39
Name Face_Pull: EJERCICIOS!$C$40:$C$41
Name Farmer_Carry: EJERCICIOS!$C$42:$C$42
Name Fondos: EJERCICIOS!$C$43:$C$43
Name Hip_Circle: EJERCICIOS!$C$44:$C$44
Name Hiperextension: EJERCICIOS!$C$45:$C$45
Name Jalon: EJERCICIOS!$C$47:$C$49
Name JM_Press: EJERCICIOS!$C$46:$C$46
Name Lagartija: EJERCICIOS!$C$50:$C$50
Name Pajaro: EJERCICIOS!$C$51:$C$51
Name Peck_Deck_Invertida: EJERCICIOS!$C$52:$C$52
Name Perro: EJERCICIOS!$C$53:$C$53
Name Peso_Muerto_Parcial: EJERCICIOS!$C$54:$C$54
Name Plancha: EJERCICIOS!$C$77:$C$77
Name Prensa_Pierna: EJERCICIOS!$C$55:$C$56
Name Press_Inclinado: EJERCICIOS!$C$61:$C$64
Name Press_Militar: EJERCICIOS!$C$65:$C$65
Name Press_Plano: EJERCICIOS!$C$57:$C$60

Sheet LUNES
A1: LUNES -- EMPUJE · Pecho + Hombro + Triceps + Cuadriceps
A2: Ejercicio Base | B2: Variante | C2: Tipo | D2: Series | E2: Peso C. | F2: SERIE 1 | I2: SERIE 2 | L2: SERIE 3 | O2: SERIE 4 | R2: SERIE 5 | U2: eRM | V2: Sugerencia
F3: Kg | G3: Reps | H3: RIR | I3: Kg | J3: Reps | K3: RIR | L3: Kg | M3: Reps | N3: RIR | O3: Kg | P3: Reps | Q3: RIR | R3: Kg | S3: Reps | T3: RIR
A4: -- CALENTAMIENTO --
A5: Estiramiento gemelo tumbado -- 30 seg cada lado -- antes de empezar
A6: Perro | B6: Postura Yoga | D6: 2 | V6: 60 seg -- movilidad toracica
A7: Lagartija | B7: Calentamiento | D7: 2 | V7: 60 seg -- apertura de caderas
A8: Hiperextension | B8: Banco Romano (calent.) | D8: 2 | V8: Mov. controlado -- sin carga
A10: SEMANA 1 HIP -- Hipertrofia
A11: — PECHO —
A12: · Medio
A13: Press Plano | B13: Mancuernas | C13: =IFERROR(INDEX(EJERCICIOS!$D$3:$D$75,MATCH(A13&"|"&B13,EJERCICIOS!$G$3:$G$75,0)),"--") -> mancuerna | D13: 3 | E13: =IFERROR(LOOKUP(2,1/(MEDIDAS_Y_PESO!$B$3:$B$3<>""),MEDIDAS_Y_PESO!$B$3:$B$3),"--") -> 80 | U13: =IFERROR(IF(IF(X13>0,X13,IF(Z13>0,Z13,IF(AB13>0,AB13,0)))=0,"--",ROUND(CHOOSE(IF(X13>0,X13,IF(Z13>0,Z13,IF(AB13>0,AB13,0))),IF(C13="peso_corporal",IF(ISNUMBER(E13),E13,0)+F13,F13)*(1+G13/30),IF(C13="peso_corporal",IF(ISNUMBER(E13),E13,0)+I13,I13)*(1+J13/30),IF(C13="peso_corporal",IF(ISNUMBER(E13),E13,0)+L13,L13)*(1+M13/30),IF(C13="peso_corporal",IF(ISNUMBER(E13),E13,0)+O13,O13)*(1+P13/30),IF(C13="peso_corporal",IF(ISNUMBER(E13),E13,0)+R13,R13)*(1+S13/30)),1)),"--") -> -- | V13: =IF(SUGERENCIAS!N4="SIN","Sin datos anteriores",IF(SUGERENCIAS!N4="SUBIR_F","^ SUBIR FUERTE | Kg:"&ROUND(SUGERENCIAS!K4,1)&" R:"&ROUND(SUGERENCIAS!L4,0)&" RIR:"&ROUND(SUGERENCIAS!M4,0),IF(SUGERENCIAS!N4="SUBIR_E","^ SUBIR (Est.) | Kg:"&ROUND(SUGERENCIAS!K4,1)&" R:"&ROUND(SUGERENCIAS!L4,0)&" RIR:"&ROUND(SUGERENCIAS!M4,0),IF(SUGERENCIAS!N4="SUBIR","^ SUBIR | Kg:"&ROUND(SUGERENCIAS!K4,1)&" R:"&ROUND(SUGERENCIAS!L4,0)&" RIR:"&ROUND(SUGERENCIAS!M4,0),IF(SUGERENCIAS!N4="BAJAR","v BAJAR | Kg:"&ROUND(SUGERENCIAS!K4,1)&" R:"&ROUND(SUGERENCIAS!L4,0)&" RIR:"&ROUND(SUGERENCIAS!M4,0),"= MANT | Kg:"&ROUND(SUGERENCIAS!K4,1)&" R:"&ROUND(SUGERENCIAS!L4,0)&" RIR:"&ROUND(SUGERENCIAS!M4,0)))))) -> Sin datos anteriores | W13: =MAX(IF((G13>0)*(IF(H13="",-1,H13)>=1)*(IF(H13="",-1,H13)<=3),IF(C13="peso_corporal",IF(ISNUMBER(E13),E13,0)+F13,F13)*G13*1000+F13,0),IF((J13>0)*(IF(K13="",-1,K13)>=1)*(IF(K13="",-1,K13)<=3),IF(C13="peso_corporal",IF(ISNUMBER(E13),E13,0)+I13,I13)*J13*1000+I13,0),IF((M13>0)*(IF(N13="",-1,N13)>=1)*(IF(N13="",-1,N13)<=3),IF(C13="peso_corporal",IF(ISNUMBER(E13),E13,0)+L13,L13)*M13*1000+L13,0),IF((P13>0)*(IF(Q13="",-1,Q13)>=1)*(IF(Q13="",-1,Q13)<=3),IF(C13="peso_corporal",IF(ISNUMBER(E13),E13,0)+O13,O13)*P13*1000+O13,0),IF((S13>0)*(IF(T13="",-1,T13)>=1)*(IF(T13="",-1,T13)<=3),IF(C13="peso_corporal",IF(ISNUMBER(E13),E13,0)+R13,R13)*S13*1000+R13,0)) -> 0 | X13: =IF(W13=0,0,IF(IF((S13>0)*(IF(T13="",-1,T13)>=1)*(IF(T13="",-1,T13)<=3),IF(C13="peso_corporal",IF(ISNUMBER(E13),E13,0)+R13,R13)*S13*1000+R13,0)=W13,5,IF(IF((P13>0)*(IF(Q13="",-1,Q13)>=1)*(IF(Q13="",-1,Q13)<=3),IF(C13="peso_corporal",IF(ISNUMBER(E13),E13,0)+O13,O13)*P13*1000+O13,0)=W13,4,IF(IF((M13>0)*(IF(N13="",-1,N13)>=1)*(IF(N13="",-1,N13)<=3),IF(C13="peso_corporal",IF(ISNUMBER(E13),E13,0)+L13,L13)*M13*1000+L13,0)=W13,3,IF(IF((J13>0)*(IF(K13="",-1,K13)>=1)*(IF(K13="",-1,K13)<=3),IF(C13="peso_corporal",IF(ISNUMBER(E13),E13,0)+I13,I13)*J13*1000+I13,0)=W13,2,IF(IF((G13>0)*(IF(H13="",-1,H13)>=1)*(IF(H13="",-1,H13)<=3),IF(C13="peso_corporal",IF(ISNUMBER(E13),E13,0)+F13,F13)*G13*1000+F13,0)=W13,1,0)))))) -> 0 | Y13: =MAX(IF((G13>0)*(IF(H13="",-1,H13)=0)*(1-(IF(H13="",-1,H13)>=1)*(IF(H13="",-1,H13)<=3)),IF(C13="peso_corporal",IF(ISNUMBER(E13),E13,0)+F13,F13)*G13*1000+F13,0),IF((J13>0)*(IF(K13="",-1,K13)=0)*(1-(IF(K13="",-1,K13)>=1)*(IF(K13="",-1,K13)<=3)),IF(C13="peso_corporal",IF(ISNUMBER(E13),E13,0)+I13,I13)*J13*1000+I13,0),IF((M13>0)*(IF(N13="",-1,N13)=0)*(1-(IF(N13="",-1,N13)>=1)*(IF(N13="",-1,N13)<=3)),IF(C13="peso_corporal",IF(ISNUMBER(E13),E13,0)+L13,L13)*M13*1000+L13,0),IF((P13>0)*(IF(Q13="",-1,Q13)=0)*(1-(IF(Q13="",-1,Q13)>=1)*(IF(Q13="",-1,Q13)<=3)),IF(C13="peso_corporal",IF(ISNUMBER(E13),E13,0)+O13,O13)*P13*1000+O13,0),IF((S13>0)*(IF(T13="",-1,T13)=0)*(1-(IF(T13="",-1,T13)>=1)*(IF(T13="",-1,T13)<=3)),IF(C13="peso_corporal",IF(ISNUMBER(E13),E13,0)+R13,R13)*S13*1000+R13,0)) -> 0 | Z13: =IF(Y13=0,0,IF(IF((S13>0)*(IF(T13="",-1,T13)=0)*(1-(IF(T13="",-1,T13)>=1)*(IF(T13="",-1,T13)<=3)),IF(C13="peso_corporal",IF(ISNUMBER(E13),E13,0)+R13,R13)*S13*1000+R13,0)=Y13,5,IF(IF((P13>0)*(IF(Q13="",-1,Q13)=0)*(1-(IF(Q13="",-1,Q13)>=1)*(IF(Q13="",-1,Q13)<=3)),IF(C13="peso_corporal",IF(ISNUMBER(E13),E13,0)+O13,O13)*P13*1000+O13,0)=Y13,4,IF(IF((M13>0)*(IF(N13="",-1,N13)=0)*(1-(IF(N13="",-1,N13)>=1)*(IF(N13="",-1,N13)<=3)),IF(C13="peso_corporal",IF(ISNUMBER(E13),E13,0)+L13,L13)*M13*1000+L13,0)=Y13,3,IF(IF((J13>0)*(IF(K13="",-1,K13)=0)*(1-(IF(K13="",-1,K13)>=1)*(IF(K13="",-1,K13)<=3)),IF(C13="peso_corporal",IF(ISNUMBER(E13),E13,0)+I13,I13)*J13*1000+I13,0)=Y13,2,IF(IF((G13>0)*(IF(H13="",-1,H13)=0)*(1-(IF(H13="",-1,H13)>=1)*(IF(H13="",-1,H13)<=3)),IF(C13="peso_corporal",IF(ISNUMBER(E13),E13,0)+F13,F13)*G13*1000+F13,0)=Y13,1,0)))))) -> 0 | AA13: =MAX(IF((G13>=6)*(1-(IF(H13="",-1,H13)>=1)*(IF(H13="",-1,H13)<=3))*(1-(IF(H13="",-1,H13)=0)),IF(C13="peso_corporal",IF(ISNUMBER(E13),E13,0)+F13,F13)*(30+G13)*100+F13,0),IF((J13>=6)*(1-(IF(K13="",-1,K13)>=1)*(IF(K13="",-1,K13)<=3))*(1-(IF(K13="",-1,K13)=0)),IF(C13="peso_corporal",IF(ISNUMBER(E13),E13,0)+I13,I13)*(30+J13)*100+I13,0),IF((M13>=6)*(1-(IF(N13="",-1,N13)>=1)*(IF(N13="",-1,N13)<=3))*(1-(IF(N13="",-1,N13)=0)),IF(C13="peso_corporal",IF(ISNUMBER(E13),E13,0)+L13,L13)*(30+M13)*100+L13,0),IF((P13>=6)*(1-(IF(Q13="",-1,Q13)>=1)*(IF(Q13="",-1,Q13)<=3))*(1-(IF(Q13="",-1,Q13)=0)),IF(C13="peso_corporal",IF(ISNUMBER(E13),E13,0)+O13,O13)*(30+P13)*100+O13,0),IF((S13>=6)*(1-(IF(T13="",-1,T13)>=1)*(IF(T13="",-1,T13)<=3))*(1-(IF(T13="",-1,T13)=0)),IF(C13="peso_corporal",IF(ISNUMBER(E13),E13,0)+R13,R13)*(30+S13)*100+R13,0)) -> 0 | AB13: =IF(AA13=0,0,IF(IF((S13>=6)*(1-(IF(T13="",-1,T13)>=1)*(IF(T13="",-1,T13)<=3))*(1-(IF(T13="",-1,T13)=0)),IF(C13="peso_corporal",IF(ISNUMBER(E13),E13,0)+R13,R13)*(30+S13)*100+R13,0)=AA13,5,IF(IF((P13>=6)*(1-(IF(Q13="",-1,Q13)>=1)*(IF(Q13="",-1,Q13)<=3))*(1-(IF(Q13="",-1,Q13)=0)),IF(C13="peso_corporal",IF(ISNUMBER(E13),E13,0)+O13,O13)*(30+P13)*100+O13,0)=AA13,4,IF(IF((M13>=6)*(1-(IF(N13="",-1,N13)>=1)*(IF(N13="",-1,N13)<=3))*(1-(IF(N13="",-1,N13)=0)),IF(C13="peso_corporal",IF(ISNUMBER(E13),E13,0)+L13,L13)*(30+M13)*100+L13,0)=AA13,3,IF(IF((J13>=6)*(1-(IF(K13="",-1,K13)>=1)*(IF(K13="",-1,K13)<=3))*(1-(IF(K13="",-1,K13)=0)),IF(C13="peso_corporal",IF(ISNUMBER(E13),E13,0)+I13,I13)*(30+J13)*100+I13,0)=AA13,2,IF(IF((G13>=6)*(1-(IF(H13="",-1,H13)>=1)*(IF(H13="",-1,H13)<=3))*(1-(IF(H13="",-1,H13)=0)),IF(C13="peso_corporal",IF(ISNUMBER(E13),E13,0)+F13,F13)*(30+G13)*100+F13,0)=AA13,1,0)))))) -> 0 | AC13: =IF(X13>0,"A"&X13,IF(Z13>0,"B"&Z13,IF(AB13>0,"C"&AB13,"")))
A14: · Alto
A15: Aperturas Inclinado | B15: Mancuernas Inclinado | C15: =IFERROR(INDEX(EJERCICIOS!$D$3:$D$75,MATCH(A15&"|"&B15,EJERCICIOS!$G$3:$G$75,0)),"--") -> mancuerna | D15: 3 | E15: =IFERROR(LOOKUP(2,1/(MEDIDAS_Y_PESO!$B$3:$B$3<>""),MEDIDAS_Y_PESO!$B$3:$B$3),"--") -> 80 | U15: =IFERROR(IF(IF(X15>0,X15,IF(Z15>0,Z15,IF(AB15>0,AB15,0)))=0,"--",ROUND(CHOOSE(IF(X15>0,X15,IF(Z15>0,Z15,IF(AB15>0,AB15,0))),IF(C15="peso_corporal",IF(ISNUMBER(E15),E15,0)+F15,F15)*(1+G15/30),IF(C15="peso_corporal",IF(ISNUMBER(E15),E15,0)+I15,I15)*(1+J15/30),IF(C15="peso_corporal",IF(ISNUMBER(E15),E15,0)+L15,L15)*(1+M15/30),IF(C15="peso_corporal",IF(ISNUMBER(E15),E15,0)+O15,O15)*(1+P15/30),IF(C15="peso_corporal",IF(ISNUMBER(E15),E15,0)+R15,R15)*(1+S15/30)),1)),"--") -> -- | V15: =IF(SUGERENCIAS!N5="SIN","Sin datos anteriores",IF(SUGERENCIAS!N5="SUBIR_F","^ SUBIR FUERTE | Kg:"&ROUND(SUGERENCIAS!K5,1)&" R:"&ROUND(SUGERENCIAS!L5,0)&" RIR:"&ROUND(SUGERENCIAS!M5,0),IF(SUGERENCIAS!N5="SUBIR_E","^ SUBIR (Est.) | Kg:"&ROUND(SUGERENCIAS!K5,1)&" R:"&ROUND(SUGERENCIAS!L5,0)&" RIR:"&ROUND(SUGERENCIAS!M5,0),IF(SUGERENCIAS!N5="SUBIR","^ SUBIR | Kg:"&ROUND(SUGERENCIAS!K5,1)&" R:"&ROUND(SUGERENCIAS!L5,0)&" RIR:"&ROUND(SUGERENCIAS!M5,0),IF(SUGERENCIAS!N5="BAJAR","v BAJAR | Kg:"&ROUND(SUGERENCIAS!K5,1)&" R:"&ROUND(SUGERENCIAS!L5,0)&" RIR:"&ROUND(SUGERENCIAS!M5,0),"= MANT | Kg:"&ROUND(SUGERENCIAS!K5,1)&" R:"&ROUND(SUGERENCIAS!L5,0)&" RIR:"&ROUND(SUGERENCIAS!M5,0)))))) -> Sin datos anteriores | W15: =MAX(IF((G15>0)*(IF(H15="",-1,H15)>=1)*(IF(H15="",-1,H15)<=3),IF(C15="peso_corporal",IF(ISNUMBER(E15),E15,0)+F15,F15)*G15*1000+F15,0),IF((J15>0)*(IF(K15="",-1,K15)>=1)*(IF(K15="",-1,K15)<=3),IF(C15="peso_corporal",IF(ISNUMBER(E15),E15,0)+I15,I15)*J15*1000+I15,0),IF((M15>0)*(IF(N15="",-1,N15)>=1)*(IF(N15="",-1,N15)<=3),IF(C15="peso_corporal",IF(ISNUMBER(E15),E15,0)+L15,L15)*M15*1000+L15,0),IF((P15>0)*(IF(Q15="",-1,Q15)>=1)*(IF(Q15="",-1,Q15)<=3),IF(C15="peso_corporal",IF(ISNUMBER(E15),E15,0)+O15,O15)*P15*1000+O15,0),IF((S15>0)*(IF(T15="",-1,T15)>=1)*(IF(T15="",-1,T15)<=3),IF(C15="peso_corporal",IF(ISNUMBER(E15),E15,0)+R15,R15)*S15*1000+R15,0)) -> 0 | X15: =IF(W15=0,0,IF(IF((S15>0)*(IF(T15="",-1,T15)>=1)*(IF(T15="",-1,T15)<=3),IF(C15="peso_corporal",IF(ISNUMBER(E15),E15,0)+R15,R15)*S15*1000+R15,0)=W15,5,IF(IF((P15>0)*(IF(Q15="",-1,Q15)>=1)*(IF(Q15="",-1,Q15)<=3),IF(C15="peso_corporal",IF(ISNUMBER(E15),E15,0)+O15,O15)*P15*1000+O15,0)=W15,4,IF(IF((M15>0)*(IF(N15="",-1,N15)>=1)*(IF(N15="",-1,N15)<=3),IF(C15="peso_corporal",IF(ISNUMBER(E15),E15,0)+L15,L15)*M15*1000+L15,0)=W15,3,IF(IF((J15>0)*(IF(K15="",-1,K15)>=1)*(IF(K15="",-1,K15)<=3),IF(C15="peso_corporal",IF(ISNUMBER(E15),E15,0)+I15,I15)*J15*1000+I15,0)=W15,2,IF(IF((G15>0)*(IF(H15="",-1,H15)>=1)*(IF(H15="",-1,H15)<=3),IF(C15="peso_corporal",IF(ISNUMBER(E15),E15,0)+F15,F15)*G15*1000+F15,0)=W15,1,0)))))) -> 0 | Y15: =MAX(IF((G15>0)*(IF(H15="",-1,H15)=0)*(1-(IF(H15="",-1,H15)>=1)*(IF(H15="",-1,H15)<=3)),IF(C15="peso_corporal",IF(ISNUMBER(E15),E15,0)+F15,F15)*G15*1000+F15,0),IF((J15>0)*(IF(K15="",-1,K15)=0)*(1-(IF(K15="",-1,K15)>=1)*(IF(K15="",-1,K15)<=3)),IF(C15="peso_corporal",IF(ISNUMBER(E15),E15,0)+I15,I15)*J15*1000+I15,0),IF((M15>0)*(IF(N15="",-1,N15)=0)*(1-(IF(N15="",-1,N15)>=1)*(IF(N15="",-1,N15)<=3)),IF(C15="peso_corporal",IF(ISNUMBER(E15),E15,0)+L15,L15)*M15*1000+L15,0),IF((P15>0)*(IF(Q15="",-1,Q15)=0)*(1-(IF(Q15="",-1,Q15)>=1)*(IF(Q15="",-1,Q15)<=3)),IF(C15="peso_corporal",IF(ISNUMBER(E15),E15,0)+O15,O15)*P15*1000+O15,0),IF((S15>0)*(IF(T15="",-1,T15)=0)*(1-(IF(T15="",-1,T15)>=1)*(IF(T15="",-1,T15)<=3)),IF(C15="peso_corporal",IF(ISNUMBER(E15),E15,0)+R15,R15)*S15*1000+R15,0)) -> 0 | Z15: =IF(Y15=0,0,IF(IF((S15>0)*(IF(T15="",-1,T15)=0)*(1-(IF(T15="",-1,T15)>=1)*(IF(T15="",-1,T15)<=3)),IF(C15="peso_corporal",IF(ISNUMBER(E15),E15,0)+R15,R15)*S15*1000+R15,0)=Y15,5,IF(IF((P15>0)*(IF(Q15="",-1,Q15)=0)*(1-(IF(Q15="",-1,Q15)>=1)*(IF(Q15="",-1,Q15)<=3)),IF(C15="peso_corporal",IF(ISNUMBER(E15),E15,0)+O15,O15)*P15*1000+O15,0)=Y15,4,IF(IF((M15>0)*(IF(N15="",-1,N15)=0)*(1-(IF(N15="",-1,N15)>=1)*(IF(N15="",-1,N15)<=3)),IF(C15="peso_corporal",IF(ISNUMBER(E15),E15,0)+L15,L15)*M15*1000+L15,0)=Y15,3,IF(IF((J15>0)*(IF(K15="",-1,K15)=0)*(1-(IF(K15="",-1,K15)>=1)*(IF(K15="",-1,K15)<=3)),IF(C15="peso_corporal",IF(ISNUMBER(E15),E15,0)+I15,I15)*J15*1000+I15,0)=Y15,2,IF(IF((G15>0)*(IF(H15="",-1,H15)=0)*(1-(IF(H15="",-1,H15)>=1)*(IF(H15="",-1,H15)<=3)),IF(C15="peso_corporal",IF(ISNUMBER(E15),E15,0)+F15,F15)*G15*1000+F15,0)=Y15,1,0)))))) -> 0 | AA15: =MAX(IF((G15>=6)*(1-(IF(H15="",-1,H15)>=1)*(IF(H15="",-1,H15)<=3))*(1-(IF(H15="",-1,H15)=0)),IF(C15="peso_corporal",IF(ISNUMBER(E15),E15,0)+F15,F15)*(30+G15)*100+F15,0),IF((J15>=6)*(1-(IF(K15="",-1,K15)>=1)*(IF(K15="",-1,K15)<=3))*(1-(IF(K15="",-1,K15)=0)),IF(C15="peso_corporal",IF(ISNUMBER(E15),E15,0)+I15,I15)*(30+J15)*100+I15,0),IF((M15>=6)*(1-(IF(N15="",-1,N15)>=1)*(IF(N15="",-1,N15)<=3))*(1-(IF(N15="",-1,N15)=0)),IF(C15="peso_corporal",IF(ISNUMBER(E15),E15,0)+L15,L15)*(30+M15)*100+L15,0),IF((P15>=6)*(1-(IF(Q15="",-1,Q15)>=1)*(IF(Q15="",-1,Q15)<=3))*(1-(IF(Q15="",-1,Q15)=0)),IF(C15="peso_corporal",IF(ISNUMBER(E15),E15,0)+O15,O15)*(30+P15)*100+O15,0),IF((S15>=6)*(1-(IF(T15="",-1,T15)>=1)*(IF(T15="",-1,T15)<=3))*(1-(IF(T15="",-1,T15)=0)),IF(C15="peso_corporal",IF(ISNUMBER(E15),E15,0)+R15,R15)*(30+S15)*100+R15,0)) -> 0 | AB15: =IF(AA15=0,0,IF(IF((S15>=6)*(1-(IF(T15="",-1,T15)>=1)*(IF(T15="",-1,T15)<=3))*(1-(IF(T15="",-1,T15)=0)),IF(C15="peso_corporal",IF(ISNUMBER(E15),E15,0)+R15,R15)*(30+S15)*100+R15,0)=AA15,5,IF(IF((P15>=6)*(1-(IF(Q15="",-1,Q15)>=1)*(IF(Q15="",-1,Q15)<=3))*(1-(IF(Q15="",-1,Q15)=0)),IF(C15="peso_corporal",IF(ISNUMBER(E15),E15,0)+O15,O15)*(30+P15)*100+O15,0)=AA15,4,IF(IF((M15>=6)*(1-(IF(N15="",-1,N15)>=1)*(IF(N15="",-1,N15)<=3))*(1-(IF(N15="",-1,N15)=0)),IF(C15="peso_corporal",IF(ISNUMBER(E15),E15,0)+L15,L15)*(30+M15)*100+L15,0)=AA15,3,IF(IF((J15>=6)*(1-(IF(K15="",-1,K15)>=1)*(IF(K15="",-1,K15)<=3))*(1-(IF(K15="",-1,K15)=0)),IF(C15="peso_corporal",IF(ISNUMBER(E15),E15,0)+I15,I15)*(30+J15)*100+I15,0)=AA15,2,IF(IF((G15>=6)*(1-(IF(H15="",-1,H15)>=1)*(IF(H15="",-1,H15)<=3))*(1-(IF(H15="",-1,H15)=0)),IF(C15="peso_corporal",IF(ISNUMBER(E15),E15,0)+F15,F15)*(30+G15)*100+F15,0)=AA15,1,0)))))) -> 0 | AC15: =IF(X15>0,"A"&X15,IF(Z15>0,"B"&Z15,IF(AB15>0,"C"&AB15,"")))
A16: · Bajo
A17: Fondos | B17: Paralelas | C17: =IFERROR(INDEX(EJERCICIOS!$D$3:$D$75,MATCH(A17&"|"&B17,EJERCICIOS!$G$3:$G$75,0)),"--") -> peso_corporal | D17: 3 | E17: =IFERROR(LOOKUP(2,1/(MEDIDAS_Y_PESO!$B$3:$B$3<>""),MEDIDAS_Y_PESO!$B$3:$B$3),"--") -> 80 | G17: 12 | H17: 0 | U17: =IFERROR(IF(IF(X17>0,X17,IF(Z17>0,Z17,IF(AB17>0,AB17,0)))=0,"--",ROUND(CHOOSE(IF(X17>0,X17,IF(Z17>0,Z17,IF(AB17>0,AB17,0))),IF(C17="peso_corporal",IF(ISNUMBER(E17),E17,0)+F17,F17)*(1+G17/30),IF(C17="peso_corporal",IF(ISNUMBER(E17),E17,0)+I17,I17)*(1+J17/30),IF(C17="peso_corporal",IF(ISNUMBER(E17),E17,0)+L17,L17)*(1+M17/30),IF(C17="peso_corporal",IF(ISNUMBER(E17),E17,0)+O17,O17)*(1+P17/30),IF(C17="peso_corporal",IF(ISNUMBER(E17),E17,0)+R17,R17)*(1+S17/30)),1)),"--") -> 112 | V17: =IF(SUGERENCIAS!N6="SIN","Sin datos anteriores",IF(SUGERENCIAS!N6="SUBIR_F","^ SUBIR FUERTE | Kg:"&ROUND(SUGERENCIAS!K6,1)&" R:"&ROUND(SUGERENCIAS!L6,0)&" RIR:"&ROUND(SUGERENCIAS!M6,0),IF(SUGERENCIAS!N6="SUBIR_E","^ SUBIR (Est.) | Kg:"&ROUND(SUGERENCIAS!K6,1)&" R:"&ROUND(SUGERENCIAS!L6,0)&" RIR:"&ROUND(SUGERENCIAS!M6,0),IF(SUGERENCIAS!N6="SUBIR","^ SUBIR | Kg:"&ROUND(SUGERENCIAS!K6,1)&" R:"&ROUND(SUGERENCIAS!L6,0)&" RIR:"&ROUND(SUGERENCIAS!M6,0),IF(SUGERENCIAS!N6="BAJAR","v BAJAR | Kg:"&ROUND(SUGERENCIAS!K6,1)&" R:"&ROUND(SUGERENCIAS!L6,0)&" RIR:"&ROUND(SUGERENCIAS!M6,0),"= MANT | Kg:"&ROUND(SUGERENCIAS!K6,1)&" R:"&ROUND(SUGERENCIAS!L6,0)&" RIR:"&ROUND(SUGERENCIAS!M6,0)))))) -> Sin datos anteriores | W17: =MAX(IF((G17>0)*(IF(H17="",-1,H17)>=1)*(IF(H17="",-1,H17)<=3),IF(C17="peso_corporal",IF(ISNUMBER(E17),E17,0)+F17,F17)*G17*1000+F17,0),IF((J17>0)*(IF(K17="",-1,K17)>=1)*(IF(K17="",-1,K17)<=3),IF(C17="peso_corporal",IF(ISNUMBER(E17),E17,0)+I17,I17)*J17*1000+I17,0),IF((M17>0)*(IF(N17="",-1,N17)>=1)*(IF(N17="",-1,N17)<=3),IF(C17="peso_corporal",IF(ISNUMBER(E17),E17,0)+L17,L17)*M17*1000+L17,0),IF((P17>0)*(IF(Q17="",-1,Q17)>=1)*(IF(Q17="",-1,Q17)<=3),IF(C17="peso_corporal",IF(ISNUMBER(E17),E17,0)+O17,O17)*P17*1000+O17,0),IF((S17>0)*(IF(T17="",-1,T17)>=1)*(IF(T17="",-1,T17)<=3),IF(C17="peso_corporal",IF(ISNUMBER(E17),E17,0)+R17,R17)*S17*1000+R17,0)) -> 0 | X17: =IF(W17=0,0,IF(IF((S17>0)*(IF(T17="",-1,T17)>=1)*(IF(T17="",-1,T17)<=3),IF(C17="peso_corporal",IF(ISNUMBER(E17),E17,0)+R17,R17)*S17*1000+R17,0)=W17,5,IF(IF((P17>0)*(IF(Q17="",-1,Q17)>=1)*(IF(Q17="",-1,Q17)<=3),IF(C17="peso_corporal",IF(ISNUMBER(E17),E17,0)+O17,O17)*P17*1000+O17,0)=W17,4,IF(IF((M17>0)*(IF(N17="",-1,N17)>=1)*(IF(N17="",-1,N17)<=3),IF(C17="peso_corporal",IF(ISNUMBER(E17),E17,0)+L17,L17)*M17*1000+L17,0)=W17,3,IF(IF((J17>0)*(IF(K17="",-1,K17)>=1)*(IF(K17="",-1,K17)<=3),IF(C17="peso_corporal",IF(ISNUMBER(E17),E17,0)+I17,I17)*J17*1000+I17,0)=W17,2,IF(IF((G17>0)*(IF(H17="",-1,H17)>=1)*(IF(H17="",-1,H17)<=3),IF(C17="peso_corporal",IF(ISNUMBER(E17),E17,0)+F17,F17)*G17*1000+F17,0)=W17,1,0)))))) -> 0 | Y17: =MAX(IF((G17>0)*(IF(H17="",-1,H17)=0)*(1-(IF(H17="",-1,H17)>=1)*(IF(H17="",-1,H17)<=3)),IF(C17="peso_corporal",IF(ISNUMBER(E17),E17,0)+F17,F17)*G17*1000+F17,0),IF((J17>0)*(IF(K17="",-1,K17)=0)*(1-(IF(K17="",-1,K17)>=1)*(IF(K17="",-1,K17)<=3)),IF(C17="peso_corporal",IF(ISNUMBER(E17),E17,0)+I17,I17)*J17*1000+I17,0),IF((M17>0)*(IF(N17="",-1,N17)=0)*(1-(IF(N17="",-1,N17)>=1)*(IF(N17="",-1,N17)<=3)),IF(C17="peso_corporal",IF(ISNUMBER(E17),E17,0)+L17,L17)*M17*1000+L17,0),IF((P17>0)*(IF(Q17="",-1,Q17)=0)*(1-(IF(Q17="",-1,Q17)>=1)*(IF(Q17="",-1,Q17)<=3)),IF(C17="peso_corporal",IF(ISNUMBER(E17),E17,0)+O17,O17)*P17*1000+O17,0),IF((S17>0)*(IF(T17="",-1,T17)=0)*(1-(IF(T17="",-1,T17)>=1)*(IF(T17="",-1,T17)<=3)),IF(C17="peso_corporal",IF(ISNUMBER(E17),E17,0)+R17,R17)*S17*1000+R17,0)) -> 960000 | Z17: =IF(Y17=0,0,IF(IF((S17>0)*(IF(T17="",-1,T17)=0)*(1-(IF(T17="",-1,T17)>=1)*(IF(T17="",-1,T17)<=3)),IF(C17="peso_corporal",IF(ISNUMBER(E17),E17,0)+R17,R17)*S17*1000+R17,0)=Y17,5,IF(IF((P17>0)*(IF(Q17="",-1,Q17)=0)*(1-(IF(Q17="",-1,Q17)>=1)*(IF(Q17="",-1,Q17)<=3)),IF(C17="peso_corporal",IF(ISNUMBER(E17),E17,0)+O17,O17)*P17*1000+O17,0)=Y17,4,IF(IF((M17>0)*(IF(N17="",-1,N17)=0)*(1-(IF(N17="",-1,N17)>=1)*(IF(N17="",-1,N17)<=3)),IF(C17="peso_corporal",IF(ISNUMBER(E17),E17,0)+L17,L17)*M17*1000+L17,0)=Y17,3,IF(IF((J17>0)*(IF(K17="",-1,K17)=0)*(1-(IF(K17="",-1,K17)>=1)*(IF(K17="",-1,K17)<=3)),IF(C17="peso_corporal",IF(ISNUMBER(E17),E17,0)+I17,I17)*J17*1000+I17,0)=Y17,2,IF(IF((G17>0)*(IF(H17="",-1,H17)=0)*(1-(IF(H17="",-1,H17)>=1)*(IF(H17="",-1,H17)<=3)),IF(C17="peso_corporal",IF(ISNUMBER(E17),E17,0)+F17,F17)*G17*1000+F17,0)=Y17,1,0)))))) -> 1 | AA17: =MAX(IF((G17>=6)*(1-(IF(H17="",-1,H17)>=1)*(IF(H17="",-1,H17)<=3))*(1-(IF(H17="",-1,H17)=0)),IF(C17="peso_corporal",IF(ISNUMBER(E17),E17,0)+F17,F17)*(30+G17)*100+F17,0),IF((J17>=6)*(1-(IF(K17="",-1,K17)>=1)*(IF(K17="",-1,K17)<=3))*(1-(IF(K17="",-1,K17)=0)),IF(C17="peso_corporal",IF(ISNUMBER(E17),E17,0)+I17,I17)*(30+J17)*100+I17,0),IF((M17>=6)*(1-(IF(N17="",-1,N17)>=1)*(IF(N17="",-1,N17)<=3))*(1-(IF(N17="",-1,N17)=0)),IF(C17="peso_corporal",IF(ISNUMBER(E17),E17,0)+L17,L17)*(30+M17)*100+L17,0),IF((P17>=6)*(1-(IF(Q17="",-1,Q17)>=1)*(IF(Q17="",-1,Q17)<=3))*(1-(IF(Q17="",-1,Q17)=0)),IF(C17="peso_corporal",IF(ISNUMBER(E17),E17,0)+O17,O17)*(30+P17)*100+O17,0),IF((S17>=6)*(1-(IF(T17="",-1,T17)>=1)*(IF(T17="",-1,T17)<=3))*(1-(IF(T17="",-1,T17)=0)),IF(C17="peso_corporal",IF(ISNUMBER(E17),E17,0)+R17,R17)*(30+S17)*100+R17,0)) -> 0 | AB17: =IF(AA17=0,0,IF(IF((S17>=6)*(1-(IF(T17="",-1,T17)>=1)*(IF(T17="",-1,T17)<=3))*(1-(IF(T17="",-1,T17)=0)),IF(C17="peso_corporal",IF(ISNUMBER(E17),E17,0)+R17,R17)*(30+S17)*100+R17,0)=AA17,5,IF(IF((P17>=6)*(1-(IF(Q17="",-1,Q17)>=1)*(IF(Q17="",-1,Q17)<=3))*(1-(IF(Q17="",-1,Q17)=0)),IF(C17="peso_corporal",IF(ISNUMBER(E17),E17,0)+O17,O17)*(30+P17)*100+O17,0)=AA17,4,IF(IF((M17>=6)*(1-(IF(N17="",-1,N17)>=1)*(IF(N17="",-1,N17)<=3))*(1-(IF(N17="",-1,N17)=0)),IF(C17="peso_corporal",IF(ISNUMBER(E17),E17,0)+L17,L17)*(30+M17)*100+L17,0)=AA17,3,IF(IF((J17>=6)*(1-(IF(K17="",-1,K17)>=1)*(IF(K17="",-1,K17)<=3))*(1-(IF(K17="",-1,K17)=0)),IF(C17="peso_corporal",IF(ISNUMBER(E17),E17,0)+I17,I17)*(30+J17)*100+I17,0)=AA17,2,IF(IF((G17>=6)*(1-(IF(H17="",-1,H17)>=1)*(IF(H17="",-1,H17)<=3))*(1-(IF(H17="",-1,H17)=0)),IF(C17="peso_corporal",IF(ISNUMBER(E17),E17,0)+F17,F17)*(30+G17)*100+F17,0)=AA17,1,0)))))) -> 0 | AC17: =IF(X17>0,"A"&X17,IF(Z17>0,"B"&Z17,IF(AB17>0,"C"&AB17,""))) -> B1
A18: Aperturas Bajo | B18: Polea Baja Crossover | C18: =IFERROR(INDEX(EJERCICIOS!$D$3:$D$75,MATCH(A18&"|"&B18,EJERCICIOS!$G$3:$G$75,0)),"--") -> polea | D18: 3 | E18: =IFERROR(LOOKUP(2,1/(MEDIDAS_Y_PESO!$B$3:$B$3<>""),MEDIDAS_Y_PESO!$B$3:$B$3),"--") -> 80 | U18: =IFERROR(IF(IF(X18>0,X18,IF(Z18>0,Z18,IF(AB18>0,AB18,0)))=0,"--",ROUND(CHOOSE(IF(X18>0,X18,IF(Z18>0,Z18,IF(AB18>0,AB18,0))),IF(C18="peso_corporal",IF(ISNUMBER(E18),E18,0)+F18,F18)*(1+G18/30),IF(C18="peso_corporal",IF(ISNUMBER(E18),E18,0)+I18,I18)*(1+J18/30),IF(C18="peso_corporal",IF(ISNUMBER(E18),E18,0)+L18,L18)*(1+M18/30),IF(C18="peso_corporal",IF(ISNUMBER(E18),E18,0)+O18,O18)*(1+P18/30),IF(C18="peso_corporal",IF(ISNUMBER(E18),E18,0)+R18,R18)*(1+S18/30)),1)),"--") -> -- | V18: =IF(SUGERENCIAS!N7="SIN","Sin datos anteriores",IF(SUGERENCIAS!N7="SUBIR_F","^ SUBIR FUERTE | Kg:"&ROUND(SUGERENCIAS!K7,1)&" R:"&ROUND(SUGERENCIAS!L7,0)&" RIR:"&ROUND(SUGERENCIAS!M7,0),IF(SUGERENCIAS!N7="SUBIR_E","^ SUBIR (Est.) | Kg:"&ROUND(SUGERENCIAS!K7,1)&" R:"&ROUND(SUGERENCIAS!L7,0)&" RIR:"&ROUND(SUGERENCIAS!M7,0),IF(SUGERENCIAS!N7="SUBIR","^ SUBIR | Kg:"&ROUND(SUGERENCIAS!K7,1)&" R:"&ROUND(SUGERENCIAS!L7,0)&" RIR:"&ROUND(SUGERENCIAS!M7,0),IF(SUGERENCIAS!N7="BAJAR","v BAJAR | Kg:"&ROUND(SUGERENCIAS!K7,1)&" R:"&ROUND(SUGERENCIAS!L7,0)&" RIR:"&ROUND(SUGERENCIAS!M7,0),"= MANT | Kg:"&ROUND(SUGERENCIAS!K7,1)&" R:"&ROUND(SUGERENCIAS!L7,0)&" RIR:"&ROUND(SUGERENCIAS!M7,0)))))) -> Sin datos anteriores | W18: =MAX(IF((G18>0)*(IF(H18="",-1,H18)>=1)*(IF(H18="",-1,H18)<=3),IF(C18="peso_corporal",IF(ISNUMBER(E18),E18,0)+F18,F18)*G18*1000+F18,0),IF((J18>0)*(IF(K18="",-1,K18)>=1)*(IF(K18="",-1,K18)<=3),IF(C18="peso_corporal",IF(ISNUMBER(E18),E18,0)+I18,I18)*J18*1000+I18,0),IF((M18>0)*(IF(N18="",-1,N18)>=1)*(IF(N18="",-1,N18)<=3),IF(C18="peso_corporal",IF(ISNUMBER(E18),E18,0)+L18,L18)*M18*1000+L18,0),IF((P18>0)*(IF(Q18="",-1,Q18)>=1)*(IF(Q18="",-1,Q18)<=3),IF(C18="peso_corporal",IF(ISNUMBER(E18),E18,0)+O18,O18)*P18*1000+O18,0),IF((S18>0)*(IF(T18="",-1,T18)>=1)*(IF(T18="",-1,T18)<=3),IF(C18="peso_corporal",IF(ISNUMBER(E18),E18,0)+R18,R18)*S18*1000+R18,0)) -> 0 | X18: =IF(W18=0,0,IF(IF((S18>0)*(IF(T18="",-1,T18)>=1)*(IF(T18="",-1,T18)<=3),IF(C18="peso_corporal",IF(ISNUMBER(E18),E18,0)+R18,R18)*S18*1000+R18,0)=W18,5,IF(IF((P18>0)*(IF(Q18="",-1,Q18)>=1)*(IF(Q18="",-1,Q18)<=3),IF(C18="peso_corporal",IF(ISNUMBER(E18),E18,0)+O18,O18)*P18*1000+O18,0)=W18,4,IF(IF((M18>0)*(IF(N18="",-1,N18)>=1)*(IF(N18="",-1,N18)<=3),IF(C18="peso_corporal",IF(ISNUMBER(E18),E18,0)+L18,L18)*M18*1000+L18,0)=W18,3,IF(IF((J18>0)*(IF(K18="",-1,K18)>=1)*(IF(K18="",-1,K18)<=3),IF(C18="peso_corporal",IF(ISNUMBER(E18),E18,0)+I18,I18)*J18*1000+I18,0)=W18,2,IF(IF((G18>0)*(IF(H18="",-1,H18)>=1)*(IF(H18="",-1,H18)<=3),IF(C18="peso_corporal",IF(ISNUMBER(E18),E18,0)+F18,F18)*G18*1000+F18,0)=W18,1,0)))))) -> 0 | Y18: =MAX(IF((G18>0)*(IF(H18="",-1,H18)=0)*(1-(IF(H18="",-1,H18)>=1)*(IF(H18="",-1,H18)<=3)),IF(C18="peso_corporal",IF(ISNUMBER(E18),E18,0)+F18,F18)*G18*1000+F18,0),IF((J18>0)*(IF(K18="",-1,K18)=0)*(1-(IF(K18="",-1,K18)>=1)*(IF(K18="",-1,K18)<=3)),IF(C18="peso_corporal",IF(ISNUMBER(E18),E18,0)+I18,I18)*J18*1000+I18,0),IF((M18>0)*(IF(N18="",-1,N18)=0)*(1-(IF(N18="",-1,N18)>=1)*(IF(N18="",-1,N18)<=3)),IF(C18="peso_corporal",IF(ISNUMBER(E18),E18,0)+L18,L18)*M18*1000+L18,0),IF((P18>0)*(IF(Q18="",-1,Q18)=0)*(1-(IF(Q18="",-1,Q18)>=1)*(IF(Q18="",-1,Q18)<=3)),IF(C18="peso_corporal",IF(ISNUMBER(E18),E18,0)+O18,O18)*P18*1000+O18,0),IF((S18>0)*(IF(T18="",-1,T18)=0)*(1-(IF(T18="",-1,T18)>=1)*(IF(T18="",-1,T18)<=3)),IF(C18="peso_corporal",IF(ISNUMBER(E18),E18,0)+R18,R18)*S18*1000+R18,0)) -> 0 | Z18: =IF(Y18=0,0,IF(IF((S18>0)*(IF(T18="",-1,T18)=0)*(1-(IF(T18="",-1,T18)>=1)*(IF(T18="",-1,T18)<=3)),IF(C18="peso_corporal",IF(ISNUMBER(E18),E18,0)+R18,R18)*S18*1000+R18,0)=Y18,5,IF(IF((P18>0)*(IF(Q18="",-1,Q18)=0)*(1-(IF(Q18="",-1,Q18)>=1)*(IF(Q18="",-1,Q18)<=3)),IF(C18="peso_corporal",IF(ISNUMBER(E18),E18,0)+O18,O18)*P18*1000+O18,0)=Y18,4,IF(IF((M18>0)*(IF(N18="",-1,N18)=0)*(1-(IF(N18="",-1,N18)>=1)*(IF(N18="",-1,N18)<=3)),IF(C18="peso_corporal",IF(ISNUMBER(E18),E18,0)+L18,L18)*M18*1000+L18,0)=Y18,3,IF(IF((J18>0)*(IF(K18="",-1,K18)=0)*(1-(IF(K18="",-1,K18)>=1)*(IF(K18="",-1,K18)<=3)),IF(C18="peso_corporal",IF(ISNUMBER(E18),E18,0)+I18,I18)*J18*1000+I18,0)=Y18,2,IF(IF((G18>0)*(IF(H18="",-1,H18)=0)*(1-(IF(H18="",-1,H18)>=1)*(IF(H18="",-1,H18)<=3)),IF(C18="peso_corporal",IF(ISNUMBER(E18),E18,0)+F18,F18)*G18*1000+F18,0)=Y18,1,0)))))) -> 0 | AA18: =MAX(IF((G18>=6)*(1-(IF(H18="",-1,H18)>=1)*(IF(H18="",-1,H18)<=3))*(1-(IF(H18="",-1,H18)=0)),IF(C18="peso_corporal",IF(ISNUMBER(E18),E18,0)+F18,F18)*(30+G18)*100+F18,0),IF((J18>=6)*(1-(IF(K18="",-1,K18)>=1)*(IF(K18="",-1,K18)<=3))*(1-(IF(K18="",-1,K18)=0)),IF(C18="peso_corporal",IF(ISNUMBER(E18),E18,0)+I18,I18)*(30+J18)*100+I18,0),IF((M18>=6)*(1-(IF(N18="",-1,N18)>=1)*(IF(N18="",-1,N18)<=3))*(1-(IF(N18="",-1,N18)=0)),IF(C18="peso_corporal",IF(ISNUMBER(E18),E18,0)+L18,L18)*(30+M18)*100+L18,0),IF((P18>=6)*(1-(IF(Q18="",-1,Q18)>=1)*(IF(Q18="",-1,Q18)<=3))*(1-(IF(Q18="",-1,Q18)=0)),IF(C18="peso_corporal",IF(ISNUMBER(E18),E18,0)+O18,O18)*(30+P18)*100+O18,0),IF((S18>=6)*(1-(IF(T18="",-1,T18)>=1)*(IF(T18="",-1,T18)<=3))*(1-(IF(T18="",-1,T18)=0)),IF(C18="peso_corporal",IF(ISNUMBER(E18),E18,0)+R18,R18)*(30+S18)*100+R18,0)) -> 0 | AB18: =IF(AA18=0,0,IF(IF((S18>=6)*(1-(IF(T18="",-1,T18)>=1)*(IF(T18="",-1,T18)<=3))*(1-(IF(T18="",-1,T18)=0)),IF(C18="peso_corporal",IF(ISNUMBER(E18),E18,0)+R18,R18)*(30+S18)*100+R18,0)=AA18,5,IF(IF((P18>=6)*(1-(IF(Q18="",-1,Q18)>=1)*(IF(Q18="",-1,Q18)<=3))*(1-(IF(Q18="",-1,Q18)=0)),IF(C18="peso_corporal",IF(ISNUMBER(E18),E18,0)+O18,O18)*(30+P18)*100+O18,0)=AA18,4,IF(IF((M18>=6)*(1-(IF(N18="",-1,N18)>=1)*(IF(N18="",-1,N18)<=3))*(1-(IF(N18="",-1,N18)=0)),IF(C18="peso_corporal",IF(ISNUMBER(E18),E18,0)+L18,L18)*(30+M18)*100+L18,0)=AA18,3,IF(IF((J18>=6)*(1-(IF(K18="",-1,K18)>=1)*(IF(K18="",-1,K18)<=3))*(1-(IF(K18="",-1,K18)=0)),IF(C18="peso_corporal",IF(ISNUMBER(E18),E18,0)+I18,I18)*(30+J18)*100+I18,0)=AA18,2,IF(IF((G18>=6)*(1-(IF(H18="",-1,H18)>=1)*(IF(H18="",-1,H18)<=3))*(1-(IF(H18="",-1,H18)=0)),IF(C18="peso_corporal",IF(ISNUMBER(E18),E18,0)+F18,F18)*(30+G18)*100+F18,0)=AA18,1,0)))))) -> 0 | AC18: =IF(X18>0,"A"&X18,IF(Z18>0,"B"&Z18,IF(AB18>0,"C"&AB18,"")))
A19: Press Polea | B19: Barra Recta Diagonal Arriba | C19: =IFERROR(INDEX(EJERCICIOS!$D$3:$D$75,MATCH(A19&"|"&B19,EJERCICIOS!$G$3:$G$75,0)),"--") -> polea | D19: 3 | E19: =IFERROR(LOOKUP(2,1/(MEDIDAS_Y_PESO!$B$3:$B$3<>""),MEDIDAS_Y_PESO!$B$3:$B$3),"--") -> 80 | U19: =IFERROR(IF(IF(X19>0,X19,IF(Z19>0,Z19,IF(AB19>0,AB19,0)))=0,"--",ROUND(CHOOSE(IF(X19>0,X19,IF(Z19>0,Z19,IF(AB19>0,AB19,0))),IF(C19="peso_corporal",IF(ISNUMBER(E19),E19,0)+F19,F19)*(1+G19/30),IF(C19="peso_corporal",IF(ISNUMBER(E19),E19,0)+I19,I19)*(1+J19/30),IF(C19="peso_corporal",IF(ISNUMBER(E19),E19,0)+L19,L19)*(1+M19/30),IF(C19="peso_corporal",IF(ISNUMBER(E19),E19,0)+O19,O19)*(1+P19/30),IF(C19="peso_corporal",IF(ISNUMBER(E19),E19,0)+R19,R19)*(1+S19/30)),1)),"--") -> -- | V19: =IF(SUGERENCIAS!N8="SIN","Sin datos anteriores",IF(SUGERENCIAS!N8="SUBIR_F","^ SUBIR FUERTE | Kg:"&ROUND(SUGERENCIAS!K8,1)&" R:"&ROUND(SUGERENCIAS!L8,0)&" RIR:"&ROUND(SUGERENCIAS!M8,0),IF(SUGERENCIAS!N8="SUBIR_E","^ SUBIR (Est.) | Kg:"&ROUND(SUGERENCIAS!K8,1)&" R:"&ROUND(SUGERENCIAS!L8,0)&" RIR:"&ROUND(SUGERENCIAS!M8,0),IF(SUGERENCIAS!N8="SUBIR","^ SUBIR | Kg:"&ROUND(SUGERENCIAS!K8,1)&" R:"&ROUND(SUGERENCIAS!L8,0)&" RIR:"&ROUND(SUGERENCIAS!M8,0),IF(SUGERENCIAS!N8="BAJAR","v BAJAR | Kg:"&ROUND(SUGERENCIAS!K8,1)&" R:"&ROUND(SUGERENCIAS!L8,0)&" RIR:"&ROUND(SUGERENCIAS!M8,0),"= MANT | Kg:"&ROUND(SUGERENCIAS!K8,1)&" R:"&ROUND(SUGERENCIAS!L8,0)&" RIR:"&ROUND(SUGERENCIAS!M8,0)))))) -> Sin datos anteriores | W19: =MAX(IF((G19>0)*(IF(H19="",-1,H19)>=1)*(IF(H19="",-1,H19)<=3),IF(C19="peso_corporal",IF(ISNUMBER(E19),E19,0)+F19,F19)*G19*1000+F19,0),IF((J19>0)*(IF(K19="",-1,K19)>=1)*(IF(K19="",-1,K19)<=3),IF(C19="peso_corporal",IF(ISNUMBER(E19),E19,0)+I19,I19)*J19*1000+I19,0),IF((M19>0)*(IF(N19="",-1,N19)>=1)*(IF(N19="",-1,N19)<=3),IF(C19="peso_corporal",IF(ISNUMBER(E19),E19,0)+L19,L19)*M19*1000+L19,0),IF((P19>0)*(IF(Q19="",-1,Q19)>=1)*(IF(Q19="",-1,Q19)<=3),IF(C19="peso_corporal",IF(ISNUMBER(E19),E19,0)+O19,O19)*P19*1000+O19,0),IF((S19>0)*(IF(T19="",-1,T19)>=1)*(IF(T19="",-1,T19)<=3),IF(C19="peso_corporal",IF(ISNUMBER(E19),E19,0)+R19,R19)*S19*1000+R19,0)) -> 0 | X19: =IF(W19=0,0,IF(IF((S19>0)*(IF(T19="",-1,T19)>=1)*(IF(T19="",-1,T19)<=3),IF(C19="peso_corporal",IF(ISNUMBER(E19),E19,0)+R19,R19)*S19*1000+R19,0)=W19,5,IF(IF((P19>0)*(IF(Q19="",-1,Q19)>=1)*(IF(Q19="",-1,Q19)<=3),IF(C19="peso_corporal",IF(ISNUMBER(E19),E19,0)+O19,O19)*P19*1000+O19,0)=W19,4,IF(IF((M19>0)*(IF(N19="",-1,N19)>=1)*(IF(N19="",-1,N19)<=3),IF(C19="peso_corporal",IF(ISNUMBER(E19),E19,0)+L19,L19)*M19*1000+L19,0)=W19,3,IF(IF((J19>0)*(IF(K19="",-1,K19)>=1)*(IF(K19="",-1,K19)<=3),IF(C19="peso_corporal",IF(ISNUMBER(E19),E19,0)+I19,I19)*J19*1000+I19,0)=W19,2,IF(IF((G19>0)*(IF(H19="",-1,H19)>=1)*(IF(H19="",-1,H19)<=3),IF(C19="peso_corporal",IF(ISNUMBER(E19),E19,0)+F19,F19)*G19*1000+F19,0)=W19,1,0)))))) -> 0 | Y19: =MAX(IF((G19>0)*(IF(H19="",-1,H19)=0)*(1-(IF(H19="",-1,H19)>=1)*(IF(H19="",-1,H19)<=3)),IF(C19="peso_corporal",IF(ISNUMBER(E19),E19,0)+F19,F19)*G19*1000+F19,0),IF((J19>0)*(IF(K19="",-1,K19)=0)*(1-(IF(K19="",-1,K19)>=1)*(IF(K19="",-1,K19)<=3)),IF(C19="peso_corporal",IF(ISNUMBER(E19),E19,0)+I19,I19)*J19*1000+I19,0),IF((M19>0)*(IF(N19="",-1,N19)=0)*(1-(IF(N19="",-1,N19)>=1)*(IF(N19="",-1,N19)<=3)),IF(C19="peso_corporal",IF(ISNUMBER(E19),E19,0)+L19,L19)*M19*1000+L19,0),IF((P19>0)*(IF(Q19="",-1,Q19)=0)*(1-(IF(Q19="",-1,Q19)>=1)*(IF(Q19="",-1,Q19)<=3)),IF(C19="peso_corporal",IF(ISNUMBER(E19),E19,0)+O19,O19)*P19*1000+O19,0),IF((S19>0)*(IF(T19="",-1,T19)=0)*(1-(IF(T19="",-1,T19)>=1)*(IF(T19="",-1,T19)<=3)),IF(C19="peso_corporal",IF(ISNUMBER(E19),E19,0)+R19,R19)*S19*1000+R19,0)) -> 0 | Z19: =IF(Y19=0,0,IF(IF((S19>0)*(IF(T19="",-1,T19)=0)*(1-(IF(T19="",-1,T19)>=1)*(IF(T19="",-1,T19)<=3)),IF(C19="peso_corporal",IF(ISNUMBER(E19),E19,0)+R19,R19)*S19*1000+R19,0)=Y19,5,IF(IF((P19>0)*(IF(Q19="",-1,Q19)=0)*(1-(IF(Q19="",-1,Q19)>=1)*(IF(Q19="",-1,Q19)<=3)),IF(C19="peso_corporal",IF(ISNUMBER(E19),E19,0)+O19,O19)*P19*1000+O19,0)=Y19,4,IF(IF((M19>0)*(IF(N19="",-1,N19)=0)*(1-(IF(N19="",-1,N19)>=1)*(IF(N19="",-1,N19)<=3)),IF(C19="peso_corporal",IF(ISNUMBER(E19),E19,0)+L19,L19)*M19*1000+L19,0)=Y19,3,IF(IF((J19>0)*(IF(K19="",-1,K19)=0)*(1-(IF(K19="",-1,K19)>=1)*(IF(K19="",-1,K19)<=3)),IF(C19="peso_corporal",IF(ISNUMBER(E19),E19,0)+I19,I19)*J19*1000+I19,0)=Y19,2,IF(IF((G19>0)*(IF(H19="",-1,H19)=0)*(1-(IF(H19="",-1,H19)>=1)*(IF(H19="",-1,H19)<=3)),IF(C19="peso_corporal",IF(ISNUMBER(E19),E19,0)+F19,F19)*G19*1000+F19,0)=Y19,1,0)))))) -> 0 | AA19: =MAX(IF((G19>=6)*(1-(IF(H19="",-1,H19)>=1)*(IF(H19="",-1,H19)<=3))*(1-(IF(H19="",-1,H19)=0)),IF(C19="peso_corporal",IF(ISNUMBER(E19),E19,0)+F19,F19)*(30+G19)*100+F19,0),IF((J19>=6)*(1-(IF(K19="",-1,K19)>=1)*(IF(K19="",-1,K19)<=3))*(1-(IF(K19="",-1,K19)=0)),IF(C19="peso_corporal",IF(ISNUMBER(E19),E19,0)+I19,I19)*(30+J19)*100+I19,0),IF((M19>=6)*(1-(IF(N19="",-1,N19)>=1)*(IF(N19="",-1,N19)<=3))*(1-(IF(N19="",-1,N19)=0)),IF(C19="peso_corporal",IF(ISNUMBER(E19),E19,0)+L19,L19)*(30+M19)*100+L19,0),IF((P19>=6)*(1-(IF(Q19="",-1,Q19)>=1)*(IF(Q19="",-1,Q19)<=3))*(1-(IF(Q19="",-1,Q19)=0)),IF(C19="peso_corporal",IF(ISNUMBER(E19),E19,0)+O19,O19)*(30+P19)*100+O19,0),IF((S19>=6)*(1-(IF(T19="",-1,T19)>=1)*(IF(T19="",-1,T19)<=3))*(1-(IF(T19="",-1,T19)=0)),IF(C19="peso_corporal",IF(ISNUMBER(E19),E19,0)+R19,R19)*(30+S19)*100+R19,0)) -> 0 | AB19: =IF(AA19=0,0,IF(IF((S19>=6)*(1-(IF(T19="",-1,T19)>=1)*(IF(T19="",-1,T19)<=3))*(1-(IF(T19="",-1,T19)=0)),IF(C19="peso_corporal",IF(ISNUMBER(E19),E19,0)+R19,R19)*(30+S19)*100+R19,0)=AA19,5,IF(IF((P19>=6)*(1-(IF(Q19="",-1,Q19)>=1)*(IF(Q19="",-1,Q19)<=3))*(1-(IF(Q19="",-1,Q19)=0)),IF(C19="peso_corporal",IF(ISNUMBER(E19),E19,0)+O19,O19)*(30+P19)*100+O19,0)=AA19,4,IF(IF((M19>=6)*(1-(IF(N19="",-1,N19)>=1)*(IF(N19="",-1,N19)<=3))*(1-(IF(N19="",-1,N19)=0)),IF(C19="peso_corporal",IF(ISNUMBER(E19),E19,0)+L19,L19)*(30+M19)*100+L19,0)=AA19,3,IF(IF((J19>=6)*(1-(IF(K19="",-1,K19)>=1)*(IF(K19="",-1,K19)<=3))*(1-(IF(K19="",-1,K19)=0)),IF(C19="peso_corporal",IF(ISNUMBER(E19),E19,0)+I19,I19)*(30+J19)*100+I19,0)=AA19,2,IF(IF((G19>=6)*(1-(IF(H19="",-1,H19)>=1)*(IF(H19="",-1,H19)<=3))*(1-(IF(H19="",-1,H19)=0)),IF(C19="peso_corporal",IF(ISNUMBER(E19),E19,0)+F19,F19)*(30+G19)*100+F19,0)=AA19,1,0)))))) -> 0 | AC19: =IF(X19>0,"A"&X19,IF(Z19>0,"B"&Z19,IF(AB19>0,"C"&AB19,"")))
A20: — HOMBRO —
A21: Elevaciones Laterales | B21: Cable Polea Individual | C21: =IFERROR(INDEX(EJERCICIOS!$D$3:$D$75,MATCH(A21&"|"&B21,EJERCICIOS!$G$3:$G$75,0)),"--") -> polea | D21: 3 | E21: =IFERROR(LOOKUP(2,1/(MEDIDAS_Y_PESO!$B$3:$B$3<>""),MEDIDAS_Y_PESO!$B$3:$B$3),"--") -> 80 | U21: =IFERROR(IF(IF(X21>0,X21,IF(Z21>0,Z21,IF(AB21>0,AB21,0)))=0,"--",ROUND(CHOOSE(IF(X21>0,X21,IF(Z21>0,Z21,IF(AB21>0,AB21,0))),IF(C21="peso_corporal",IF(ISNUMBER(E21),E21,0)+F21,F21)*(1+G21/30),IF(C21="peso_corporal",IF(ISNUMBER(E21),E21,0)+I21,I21)*(1+J21/30),IF(C21="peso_corporal",IF(ISNUMBER(E21),E21,0)+L21,L21)*(1+M21/30),IF(C21="peso_corporal",IF(ISNUMBER(E21),E21,0)+O21,O21)*(1+P21/30),IF(C21="peso_corporal",IF(ISNUMBER(E21),E21,0)+R21,R21)*(1+S21/30)),1)),"--") -> -- | V21: =IF(SUGERENCIAS!N9="SIN","Sin datos anteriores",IF(SUGERENCIAS!N9="SUBIR_F","^ SUBIR FUERTE | Kg:"&ROUND(SUGERENCIAS!K9,1)&" R:"&ROUND(SUGERENCIAS!L9,0)&" RIR:"&ROUND(SUGERENCIAS!M9,0),IF(SUGERENCIAS!N9="SUBIR_E","^ SUBIR (Est.) | Kg:"&ROUND(SUGERENCIAS!K9,1)&" R:"&ROUND(SUGERENCIAS!L9,0)&" RIR:"&ROUND(SUGERENCIAS!M9,0),IF(SUGERENCIAS!N9="SUBIR","^ SUBIR | Kg:"&ROUND(SUGERENCIAS!K9,1)&" R:"&ROUND(SUGERENCIAS!L9,0)&" RIR:"&ROUND(SUGERENCIAS!M9,0),IF(SUGERENCIAS!N9="BAJAR","v BAJAR | Kg:"&ROUND(SUGERENCIAS!K9,1)&" R:"&ROUND(SUGERENCIAS!L9,0)&" RIR:"&ROUND(SUGERENCIAS!M9,0),"= MANT | Kg:"&ROUND(SUGERENCIAS!K9,1)&" R:"&ROUND(SUGERENCIAS!L9,0)&" RIR:"&ROUND(SUGERENCIAS!M9,0)))))) -> Sin datos anteriores | W21: =MAX(IF((G21>0)*(IF(H21="",-1,H21)>=1)*(IF(H21="",-1,H21)<=3),IF(C21="peso_corporal",IF(ISNUMBER(E21),E21,0)+F21,F21)*G21*1000+F21,0),IF((J21>0)*(IF(K21="",-1,K21)>=1)*(IF(K21="",-1,K21)<=3),IF(C21="peso_corporal",IF(ISNUMBER(E21),E21,0)+I21,I21)*J21*1000+I21,0),IF((M21>0)*(IF(N21="",-1,N21)>=1)*(IF(N21="",-1,N21)<=3),IF(C21="peso_corporal",IF(ISNUMBER(E21),E21,0)+L21,L21)*M21*1000+L21,0),IF((P21>0)*(IF(Q21="",-1,Q21)>=1)*(IF(Q21="",-1,Q21)<=3),IF(C21="peso_corporal",IF(ISNUMBER(E21),E21,0)+O21,O21)*P21*1000+O21,0),IF((S21>0)*(IF(T21="",-1,T21)>=1)*(IF(T21="",-1,T21)<=3),IF(C21="peso_corporal",IF(ISNUMBER(E21),E21,0)+R21,R21)*S21*1000+R21,0)) -> 0 | X21: =IF(W21=0,0,IF(IF((S21>0)*(IF(T21="",-1,T21)>=1)*(IF(T21="",-1,T21)<=3),IF(C21="peso_corporal",IF(ISNUMBER(E21),E21,0)+R21,R21)*S21*1000+R21,0)=W21,5,IF(IF((P21>0)*(IF(Q21="",-1,Q21)>=1)*(IF(Q21="",-1,Q21)<=3),IF(C21="peso_corporal",IF(ISNUMBER(E21),E21,0)+O21,O21)*P21*1000+O21,0)=W21,4,IF(IF((M21>0)*(IF(N21="",-1,N21)>=1)*(IF(N21="",-1,N21)<=3),IF(C21="peso_corporal",IF(ISNUMBER(E21),E21,0)+L21,L21)*M21*1000+L21,0)=W21,3,IF(IF((J21>0)*(IF(K21="",-1,K21)>=1)*(IF(K21="",-1,K21)<=3),IF(C21="peso_corporal",IF(ISNUMBER(E21),E21,0)+I21,I21)*J21*1000+I21,0)=W21,2,IF(IF((G21>0)*(IF(H21="",-1,H21)>=1)*(IF(H21="",-1,H21)<=3),IF(C21="peso_corporal",IF(ISNUMBER(E21),E21,0)+F21,F21)*G21*1000+F21,0)=W21,1,0)))))) -> 0 | Y21: =MAX(IF((G21>0)*(IF(H21="",-1,H21)=0)*(1-(IF(H21="",-1,H21)>=1)*(IF(H21="",-1,H21)<=3)),IF(C21="peso_corporal",IF(ISNUMBER(E21),E21,0)+F21,F21)*G21*1000+F21,0),IF((J21>0)*(IF(K21="",-1,K21)=0)*(1-(IF(K21="",-1,K21)>=1)*(IF(K21="",-1,K21)<=3)),IF(C21="peso_corporal",IF(ISNUMBER(E21),E21,0)+I21,I21)*J21*1000+I21,0),IF((M21>0)*(IF(N21="",-1,N21)=0)*(1-(IF(N21="",-1,N21)>=1)*(IF(N21="",-1,N21)<=3)),IF(C21="peso_corporal",IF(ISNUMBER(E21),E21,0)+L21,L21)*M21*1000+L21,0),IF((P21>0)*(IF(Q21="",-1,Q21)=0)*(1-(IF(Q21="",-1,Q21)>=1)*(IF(Q21="",-1,Q21)<=3)),IF(C21="peso_corporal",IF(ISNUMBER(E21),E21,0)+O21,O21)*P21*1000+O21,0),IF((S21>0)*(IF(T21="",-1,T21)=0)*(1-(IF(T21="",-1,T21)>=1)*(IF(T21="",-1,T21)<=3)),IF(C21="peso_corporal",IF(ISNUMBER(E21),E21,0)+R21,R21)*S21*1000+R21,0)) -> 0 | Z21: =IF(Y21=0,0,IF(IF((S21>0)*(IF(T21="",-1,T21)=0)*(1-(IF(T21="",-1,T21)>=1)*(IF(T21="",-1,T21)<=3)),IF(C21="peso_corporal",IF(ISNUMBER(E21),E21,0)+R21,R21)*S21*1000+R21,0)=Y21,5,IF(IF((P21>0)*(IF(Q21="",-1,Q21)=0)*(1-(IF(Q21="",-1,Q21)>=1)*(IF(Q21="",-1,Q21)<=3)),IF(C21="peso_corporal",IF(ISNUMBER(E21),E21,0)+O21,O21)*P21*1000+O21,0)=Y21,4,IF(IF((M21>0)*(IF(N21="",-1,N21)=0)*(1-(IF(N21="",-1,N21)>=1)*(IF(N21="",-1,N21)<=3)),IF(C21="peso_corporal",IF(ISNUMBER(E21),E21,0)+L21,L21)*M21*1000+L21,0)=Y21,3,IF(IF((J21>0)*(IF(K21="",-1,K21)=0)*(1-(IF(K21="",-1,K21)>=1)*(IF(K21="",-1,K21)<=3)),IF(C21="peso_corporal",IF(ISNUMBER(E21),E21,0)+I21,I21)*J21*1000+I21,0)=Y21,2,IF(IF((G21>0)*(IF(H21="",-1,H21)=0)*(1-(IF(H21="",-1,H21)>=1)*(IF(H21="",-1,H21)<=3)),IF(C21="peso_corporal",IF(ISNUMBER(E21),E21,0)+F21,F21)*G21*1000+F21,0)=Y21,1,0)))))) -> 0 | AA21: =MAX(IF((G21>=6)*(1-(IF(H21="",-1,H21)>=1)*(IF(H21="",-1,H21)<=3))*(1-(IF(H21="",-1,H21)=0)),IF(C21="peso_corporal",IF(ISNUMBER(E21),E21,0)+F21,F21)*(30+G21)*100+F21,0),IF((J21>=6)*(1-(IF(K21="",-1,K21)>=1)*(IF(K21="",-1,K21)<=3))*(1-(IF(K21="",-1,K21)=0)),IF(C21="peso_corporal",IF(ISNUMBER(E21),E21,0)+I21,I21)*(30+J21)*100+I21,0),IF((M21>=6)*(1-(IF(N21="",-1,N21)>=1)*(IF(N21="",-1,N21)<=3))*(1-(IF(N21="",-1,N21)=0)),IF(C21="peso_corporal",IF(ISNUMBER(E21),E21,0)+L21,L21)*(30+M21)*100+L21,0),IF((P21>=6)*(1-(IF(Q21="",-1,Q21)>=1)*(IF(Q21="",-1,Q21)<=3))*(1-(IF(Q21="",-1,Q21)=0)),IF(C21="peso_corporal",IF(ISNUMBER(E21),E21,0)+O21,O21)*(30+P21)*100+O21,0),IF((S21>=6)*(1-(IF(T21="",-1,T21)>=1)*(IF(T21="",-1,T21)<=3))*(1-(IF(T21="",-1,T21)=0)),IF(C21="peso_corporal",IF(ISNUMBER(E21),E21,0)+R21,R21)*(30+S21)*100+R21,0)) -> 0 | AB21: =IF(AA21=0,0,IF(IF((S21>=6)*(1-(IF(T21="",-1,T21)>=1)*(IF(T21="",-1,T21)<=3))*(1-(IF(T21="",-1,T21)=0)),IF(C21="peso_corporal",IF(ISNUMBER(E21),E21,0)+R21,R21)*(30+S21)*100+R21,0)=AA21,5,IF(IF((P21>=6)*(1-(IF(Q21="",-1,Q21)>=1)*(IF(Q21="",-1,Q21)<=3))*(1-(IF(Q21="",-1,Q21)=0)),IF(C21="peso_corporal",IF(ISNUMBER(E21),E21,0)+O21,O21)*(30+P21)*100+O21,0)=AA21,4,IF(IF((M21>=6)*(1-(IF(N21="",-1,N21)>=1)*(IF(N21="",-1,N21)<=3))*(1-(IF(N21="",-1,N21)=0)),IF(C21="peso_corporal",IF(ISNUMBER(E21),E21,0)+L21,L21)*(30+M21)*100+L21,0)=AA21,3,IF(IF((J21>=6)*(1-(IF(K21="",-1,K21)>=1)*(IF(K21="",-1,K21)<=3))*(1-(IF(K21="",-1,K21)=0)),IF(C21="peso_corporal",IF(ISNUMBER(E21),E21,0)+I21,I21)*(30+J21)*100+I21,0)=AA21,2,IF(IF((G21>=6)*(1-(IF(H21="",-1,H21)>=1)*(IF(H21="",-1,H21)<=3))*(1-(IF(H21="",-1,H21)=0)),IF(C21="peso_corporal",IF(ISNUMBER(E21),E21,0)+F21,F21)*(30+G21)*100+F21,0)=AA21,1,0)))))) -> 0 | AC21: =IF(X21>0,"A"&X21,IF(Z21>0,"B"&Z21,IF(AB21>0,"C"&AB21,"")))
A22: Press Militar | B22: Mancuernas Sentado | C22: =IFERROR(INDEX(EJERCICIOS!$D$3:$D$75,MATCH(A22&"|"&B22,EJERCICIOS!$G$3:$G$75,0)),"--") -> mancuerna | D22: 3 | E22: =IFERROR(LOOKUP(2,1/(MEDIDAS_Y_PESO!$B$3:$B$3<>""),MEDIDAS_Y_PESO!$B$3:$B$3),"--") -> 80 | U22: =IFERROR(IF(IF(X22>0,X22,IF(Z22>0,Z22,IF(AB22>0,AB22,0)))=0,"--",ROUND(CHOOSE(IF(X22>0,X22,IF(Z22>0,Z22,IF(AB22>0,AB22,0))),IF(C22="peso_corporal",IF(ISNUMBER(E22),E22,0)+F22,F22)*(1+G22/30),IF(C22="peso_corporal",IF(ISNUMBER(E22),E22,0)+I22,I22)*(1+J22/30),IF(C22="peso_corporal",IF(ISNUMBER(E22),E22,0)+L22,L22)*(1+M22/30),IF(C22="peso_corporal",IF(ISNUMBER(E22),E22,0)+O22,O22)*(1+P22/30),IF(C22="peso_corporal",IF(ISNUMBER(E22),E22,0)+R22,R22)*(1+S22/30)),1)),"--") -> -- | V22: =IF(SUGERENCIAS!N10="SIN","Sin datos anteriores",IF(SUGERENCIAS!N10="SUBIR_F","^ SUBIR FUERTE | Kg:"&ROUND(SUGERENCIAS!K10,1)&" R:"&ROUND(SUGERENCIAS!L10,0)&" RIR:"&ROUND(SUGERENCIAS!M10,0),IF(SUGERENCIAS!N10="SUBIR_E","^ SUBIR (Est.) | Kg:"&ROUND(SUGERENCIAS!K10,1)&" R:"&ROUND(SUGERENCIAS!L10,0)&" RIR:"&ROUND(SUGERENCIAS!M10,0),IF(SUGERENCIAS!N10="SUBIR","^ SUBIR | Kg:"&ROUND(SUGERENCIAS!K10,1)&" R:"&ROUND(SUGERENCIAS!L10,0)&" RIR:"&ROUND(SUGERENCIAS!M10,0),IF(SUGERENCIAS!N10="BAJAR","v BAJAR | Kg:"&ROUND(SUGERENCIAS!K10,1)&" R:"&ROUND(SUGERENCIAS!L10,0)&" RIR:"&ROUND(SUGERENCIAS!M10,0),"= MANT | Kg:"&ROUND(SUGERENCIAS!K10,1)&" R:"&ROUND(SUGERENCIAS!L10,0)&" RIR:"&ROUND(SUGERENCIAS!M10,0)))))) -> Sin datos anteriores | W22: =MAX(IF((G22>0)*(IF(H22="",-1,H22)>=1)*(IF(H22="",-1,H22)<=3),IF(C22="peso_corporal",IF(ISNUMBER(E22),E22,0)+F22,F22)*G22*1000+F22,0),IF((J22>0)*(IF(K22="",-1,K22)>=1)*(IF(K22="",-1,K22)<=3),IF(C22="peso_corporal",IF(ISNUMBER(E22),E22,0)+I22,I22)*J22*1000+I22,0),IF((M22>0)*(IF(N22="",-1,N22)>=1)*(IF(N22="",-1,N22)<=3),IF(C22="peso_corporal",IF(ISNUMBER(E22),E22,0)+L22,L22)*M22*1000+L22,0),IF((P22>0)*(IF(Q22="",-1,Q22)>=1)*(IF(Q22="",-1,Q22)<=3),IF(C22="peso_corporal",IF(ISNUMBER(E22),E22,0)+O22,O22)*P22*1000+O22,0),IF((S22>0)*(IF(T22="",-1,T22)>=1)*(IF(T22="",-1,T22)<=3),IF(C22="peso_corporal",IF(ISNUMBER(E22),E22,0)+R22,R22)*S22*1000+R22,0)) -> 0 | X22: =IF(W22=0,0,IF(IF((S22>0)*(IF(T22="",-1,T22)>=1)*(IF(T22="",-1,T22)<=3),IF(C22="peso_corporal",IF(ISNUMBER(E22),E22,0)+R22,R22)*S22*1000+R22,0)=W22,5,IF(IF((P22>0)*(IF(Q22="",-1,Q22)>=1)*(IF(Q22="",-1,Q22)<=3),IF(C22="peso_corporal",IF(ISNUMBER(E22),E22,0)+O22,O22)*P22*1000+O22,0)=W22,4,IF(IF((M22>0)*(IF(N22="",-1,N22)>=1)*(IF(N22="",-1,N22)<=3),IF(C22="peso_corporal",IF(ISNUMBER(E22),E22,0)+L22,L22)*M22*1000+L22,0)=W22,3,IF(IF((J22>0)*(IF(K22="",-1,K22)>=1)*(IF(K22="",-1,K22)<=3),IF(C22="peso_corporal",IF(ISNUMBER(E22),E22,0)+I22,I22)*J22*1000+I22,0)=W22,2,IF(IF((G22>0)*(IF(H22="",-1,H22)>=1)*(IF(H22="",-1,H22)<=3),IF(C22="peso_corporal",IF(ISNUMBER(E22),E22,0)+F22,F22)*G22*1000+F22,0)=W22,1,0)))))) -> 0 | Y22: =MAX(IF((G22>0)*(IF(H22="",-1,H22)=0)*(1-(IF(H22="",-1,H22)>=1)*(IF(H22="",-1,H22)<=3)),IF(C22="peso_corporal",IF(ISNUMBER(E22),E22,0)+F22,F22)*G22*1000+F22,0),IF((J22>0)*(IF(K22="",-1,K22)=0)*(1-(IF(K22="",-1,K22)>=1)*(IF(K22="",-1,K22)<=3)),IF(C22="peso_corporal",IF(ISNUMBER(E22),E22,0)+I22,I22)*J22*1000+I22,0),IF((M22>0)*(IF(N22="",-1,N22)=0)*(1-(IF(N22="",-1,N22)>=1)*(IF(N22="",-1,N22)<=3)),IF(C22="peso_corporal",IF(ISNUMBER(E22),E22,0)+L22,L22)*M22*1000+L22,0),IF((P22>0)*(IF(Q22="",-1,Q22)=0)*(1-(IF(Q22="",-1,Q22)>=1)*(IF(Q22="",-1,Q22)<=3)),IF(C22="peso_corporal",IF(ISNUMBER(E22),E22,0)+O22,O22)*P22*1000+O22,0),IF((S22>0)*(IF(T22="",-1,T22)=0)*(1-(IF(T22="",-1,T22)>=1)*(IF(T22="",-1,T22)<=3)),IF(C22="peso_corporal",IF(ISNUMBER(E22),E22,0)+R22,R22)*S22*1000+R22,0)) -> 0 | Z22: =IF(Y22=0,0,IF(IF((S22>0)*(IF(T22="",-1,T22)=0)*(1-(IF(T22="",-1,T22)>=1)*(IF(T22="",-1,T22)<=3)),IF(C22="peso_corporal",IF(ISNUMBER(E22),E22,0)+R22,R22)*S22*1000+R22,0)=Y22,5,IF(IF((P22>0)*(IF(Q22="",-1,Q22)=0)*(1-(IF(Q22="",-1,Q22)>=1)*(IF(Q22="",-1,Q22)<=3)),IF(C22="peso_corporal",IF(ISNUMBER(E22),E22,0)+O22,O22)*P22*1000+O22,0)=Y22,4,IF(IF((M22>0)*(IF(N22="",-1,N22)=0)*(1-(IF(N22="",-1,N22)>=1)*(IF(N22="",-1,N22)<=3)),IF(C22="peso_corporal",IF(ISNUMBER(E22),E22,0)+L22,L22)*M22*1000+L22,0)=Y22,3,IF(IF((J22>0)*(IF(K22="",-1,K22)=0)*(1-(IF(K22="",-1,K22)>=1)*(IF(K22="",-1,K22)<=3)),IF(C22="peso_corporal",IF(ISNUMBER(E22),E22,0)+I22,I22)*J22*1000+I22,0)=Y22,2,IF(IF((G22>0)*(IF(H22="",-1,H22)=0)*(1-(IF(H22="",-1,H22)>=1)*(IF(H22="",-1,H22)<=3)),IF(C22="peso_corporal",IF(ISNUMBER(E22),E22,0)+F22,F22)*G22*1000+F22,0)=Y22,1,0)))))) -> 0 | AA22: =MAX(IF((G22>=6)*(1-(IF(H22="",-1,H22)>=1)*(IF(H22="",-1,H22)<=3))*(1-(IF(H22="",-1,H22)=0)),IF(C22="peso_corporal",IF(ISNUMBER(E22),E22,0)+F22,F22)*(30+G22)*100+F22,0),IF((J22>=6)*(1-(IF(K22="",-1,K22)>=1)*(IF(K22="",-1,K22)<=3))*(1-(IF(K22="",-1,K22)=0)),IF(C22="peso_corporal",IF(ISNUMBER(E22),E22,0)+I22,I22)*(30+J22)*100+I22,0),IF((M22>=6)*(1-(IF(N22="",-1,N22)>=1)*(IF(N22="",-1,N22)<=3))*(1-(IF(N22="",-1,N22)=0)),IF(C22="peso_corporal",IF(ISNUMBER(E22),E22,0)+L22,L22)*(30+M22)*100+L22,0),IF((P22>=6)*(1-(IF(Q22="",-1,Q22)>=1)*(IF(Q22="",-1,Q22)<=3))*(1-(IF(Q22="",-1,Q22)=0)),IF(C22="peso_corporal",IF(ISNUMBER(E22),E22,0)+O22,O22)*(30+P22)*100+O22,0),IF((S22>=6)*(1-(IF(T22="",-1,T22)>=1)*(IF(T22="",-1,T22)<=3))*(1-(IF(T22="",-1,T22)=0)),IF(C22="peso_corporal",IF(ISNUMBER(E22),E22,0)+R22,R22)*(30+S22)*100+R22,0)) -> 0 | AB22: =IF(AA22=0,0,IF(IF((S22>=6)*(1-(IF(T22="",-1,T22)>=1)*(IF(T22="",-1,T22)<=3))*(1-(IF(T22="",-1,T22)=0)),IF(C22="peso_corporal",IF(ISNUMBER(E22),E22,0)+R22,R22)*(30+S22)*100+R22,0)=AA22,5,IF(IF((P22>=6)*(1-(IF(Q22="",-1,Q22)>=1)*(IF(Q22="",-1,Q22)<=3))*(1-(IF(Q22="",-1,Q22)=0)),IF(C22="peso_corporal",IF(ISNUMBER(E22),E22,0)+O22,O22)*(30+P22)*100+O22,0)=AA22,4,IF(IF((M22>=6)*(1-(IF(N22="",-1,N22)>=1)*(IF(N22="",-1,N22)<=3))*(1-(IF(N22="",-1,N22)=0)),IF(C22="peso_corporal",IF(ISNUMBER(E22),E22,0)+L22,L22)*(30+M22)*100+L22,0)=AA22,3,IF(IF((J22>=6)*(1-(IF(K22="",-1,K22)>=1)*(IF(K22="",-1,K22)<=3))*(1-(IF(K22="",-1,K22)=0)),IF(C22="peso_corporal",IF(ISNUMBER(E22),E22,0)+I22,I22)*(30+J22)*100+I22,0)=AA22,2,IF(IF((G22>=6)*(1-(IF(H22="",-1,H22)>=1)*(IF(H22="",-1,H22)<=3))*(1-(IF(H22="",-1,H22)=0)),IF(C22="peso_corporal",IF(ISNUMBER(E22),E22,0)+F22,F22)*(30+G22)*100+F22,0)=AA22,1,0)))))) -> 0 | AC22: =IF(X22>0,"A"&X22,IF(Z22>0,"B"&Z22,IF(AB22>0,"C"&AB22,"")))
A23: — TRICEPS —
A24: Extension Triceps | B24: Katana | C24: =IFERROR(INDEX(EJERCICIOS!$D$3:$D$75,MATCH(A24&"|"&B24,EJERCICIOS!$G$3:$G$75,0)),"--") -> polea | D24: 3 | E24: =IFERROR(LOOKUP(2,1/(MEDIDAS_Y_PESO!$B$3:$B$3<>""),MEDIDAS_Y_PESO!$B$3:$B$3),"--") -> 80 | U24: =IFERROR(IF(IF(X24>0,X24,IF(Z24>0,Z24,IF(AB24>0,AB24,0)))=0,"--",ROUND(CHOOSE(IF(X24>0,X24,IF(Z24>0,Z24,IF(AB24>0,AB24,0))),IF(C24="peso_corporal",IF(ISNUMBER(E24),E24,0)+F24,F24)*(1+G24/30),IF(C24="peso_corporal",IF(ISNUMBER(E24),E24,0)+I24,I24)*(1+J24/30),IF(C24="peso_corporal",IF(ISNUMBER(E24),E24,0)+L24,L24)*(1+M24/30),IF(C24="peso_corporal",IF(ISNUMBER(E24),E24,0)+O24,O24)*(1+P24/30),IF(C24="peso_corporal",IF(ISNUMBER(E24),E24,0)+R24,R24)*(1+S24/30)),1)),"--") -> -- | V24: =IF(SUGERENCIAS!N11="SIN","Sin datos anteriores",IF(SUGERENCIAS!N11="SUBIR_F","^ SUBIR FUERTE | Kg:"&ROUND(SUGERENCIAS!K11,1)&" R:"&ROUND(SUGERENCIAS!L11,0)&" RIR:"&ROUND(SUGERENCIAS!M11,0),IF(SUGERENCIAS!N11="SUBIR_E","^ SUBIR (Est.) | Kg:"&ROUND(SUGERENCIAS!K11,1)&" R:"&ROUND(SUGERENCIAS!L11,0)&" RIR:"&ROUND(SUGERENCIAS!M11,0),IF(SUGERENCIAS!N11="SUBIR","^ SUBIR | Kg:"&ROUND(SUGERENCIAS!K11,1)&" R:"&ROUND(SUGERENCIAS!L11,0)&" RIR:"&ROUND(SUGERENCIAS!M11,0),IF(SUGERENCIAS!N11="BAJAR","v BAJAR | Kg:"&ROUND(SUGERENCIAS!K11,1)&" R:"&ROUND(SUGERENCIAS!L11,0)&" RIR:"&ROUND(SUGERENCIAS!M11,0),"= MANT | Kg:"&ROUND(SUGERENCIAS!K11,1)&" R:"&ROUND(SUGERENCIAS!L11,0)&" RIR:"&ROUND(SUGERENCIAS!M11,0)))))) -> Sin datos anteriores | W24: =MAX(IF((G24>0)*(IF(H24="",-1,H24)>=1)*(IF(H24="",-1,H24)<=3),IF(C24="peso_corporal",IF(ISNUMBER(E24),E24,0)+F24,F24)*G24*1000+F24,0),IF((J24>0)*(IF(K24="",-1,K24)>=1)*(IF(K24="",-1,K24)<=3),IF(C24="peso_corporal",IF(ISNUMBER(E24),E24,0)+I24,I24)*J24*1000+I24,0),IF((M24>0)*(IF(N24="",-1,N24)>=1)*(IF(N24="",-1,N24)<=3),IF(C24="peso_corporal",IF(ISNUMBER(E24),E24,0)+L24,L24)*M24*1000+L24,0),IF((P24>0)*(IF(Q24="",-1,Q24)>=1)*(IF(Q24="",-1,Q24)<=3),IF(C24="peso_corporal",IF(ISNUMBER(E24),E24,0)+O24,O24)*P24*1000+O24,0),IF((S24>0)*(IF(T24="",-1,T24)>=1)*(IF(T24="",-1,T24)<=3),IF(C24="peso_corporal",IF(ISNUMBER(E24),E24,0)+R24,R24)*S24*1000+R24,0)) -> 0 | X24: =IF(W24=0,0,IF(IF((S24>0)*(IF(T24="",-1,T24)>=1)*(IF(T24="",-1,T24)<=3),IF(C24="peso_corporal",IF(ISNUMBER(E24),E24,0)+R24,R24)*S24*1000+R24,0)=W24,5,IF(IF((P24>0)*(IF(Q24="",-1,Q24)>=1)*(IF(Q24="",-1,Q24)<=3),IF(C24="peso_corporal",IF(ISNUMBER(E24),E24,0)+O24,O24)*P24*1000+O24,0)=W24,4,IF(IF((M24>0)*(IF(N24="",-1,N24)>=1)*(IF(N24="",-1,N24)<=3),IF(C24="peso_corporal",IF(ISNUMBER(E24),E24,0)+L24,L24)*M24*1000+L24,0)=W24,3,IF(IF((J24>0)*(IF(K24="",-1,K24)>=1)*(IF(K24="",-1,K24)<=3),IF(C24="peso_corporal",IF(ISNUMBER(E24),E24,0)+I24,I24)*J24*1000+I24,0)=W24,2,IF(IF((G24>0)*(IF(H24="",-1,H24)>=1)*(IF(H24="",-1,H24)<=3),IF(C24="peso_corporal",IF(ISNUMBER(E24),E24,0)+F24,F24)*G24*1000+F24,0)=W24,1,0)))))) -> 0 | Y24: =MAX(IF((G24>0)*(IF(H24="",-1,H24)=0)*(1-(IF(H24="",-1,H24)>=1)*(IF(H24="",-1,H24)<=3)),IF(C24="peso_corporal",IF(ISNUMBER(E24),E24,0)+F24,F24)*G24*1000+F24,0),IF((J24>0)*(IF(K24="",-1,K24)=0)*(1-(IF(K24="",-1,K24)>=1)*(IF(K24="",-1,K24)<=3)),IF(C24="peso_corporal",IF(ISNUMBER(E24),E24,0)+I24,I24)*J24*1000+I24,0),IF((M24>0)*(IF(N24="",-1,N24)=0)*(1-(IF(N24="",-1,N24)>=1)*(IF(N24="",-1,N24)<=3)),IF(C24="peso_corporal",IF(ISNUMBER(E24),E24,0)+L24,L24)*M24*1000+L24,0),IF((P24>0)*(IF(Q24="",-1,Q24)=0)*(1-(IF(Q24="",-1,Q24)>=1)*(IF(Q24="",-1,Q24)<=3)),IF(C24="peso_corporal",IF(ISNUMBER(E24),E24,0)+O24,O24)*P24*1000+O24,0),IF((S24>0)*(IF(T24="",-1,T24)=0)*(1-(IF(T24="",-1,T24)>=1)*(IF(T24="",-1,T24)<=3)),IF(C24="peso_corporal",IF(ISNUMBER(E24),E24,0)+R24,R24)*S24*1000+R24,0)) -> 0 | Z24: =IF(Y24=0,0,IF(IF((S24>0)*(IF(T24="",-1,T24)=0)*(1-(IF(T24="",-1,T24)>=1)*(IF(T24="",-1,T24)<=3)),IF(C24="peso_corporal",IF(ISNUMBER(E24),E24,0)+R24,R24)*S24*1000+R24,0)=Y24,5,IF(IF((P24>0)*(IF(Q24="",-1,Q24)=0)*(1-(IF(Q24="",-1,Q24)>=1)*(IF(Q24="",-1,Q24)<=3)),IF(C24="peso_corporal",IF(ISNUMBER(E24),E24,0)+O24,O24)*P24*1000+O24,0)=Y24,4,IF(IF((M24>0)*(IF(N24="",-1,N24)=0)*(1-(IF(N24="",-1,N24)>=1)*(IF(N24="",-1,N24)<=3)),IF(C24="peso_corporal",IF(ISNUMBER(E24),E24,0)+L24,L24)*M24*1000+L24,0)=Y24,3,IF(IF((J24>0)*(IF(K24="",-1,K24)=0)*(1-(IF(K24="",-1,K24)>=1)*(IF(K24="",-1,K24)<=3)),IF(C24="peso_corporal",IF(ISNUMBER(E24),E24,0)+I24,I24)*J24*1000+I24,0)=Y24,2,IF(IF((G24>0)*(IF(H24="",-1,H24)=0)*(1-(IF(H24="",-1,H24)>=1)*(IF(H24="",-1,H24)<=3)),IF(C24="peso_corporal",IF(ISNUMBER(E24),E24,0)+F24,F24)*G24*1000+F24,0)=Y24,1,0)))))) -> 0 | AA24: =MAX(IF((G24>=6)*(1-(IF(H24="",-1,H24)>=1)*(IF(H24="",-1,H24)<=3))*(1-(IF(H24="",-1,H24)=0)),IF(C24="peso_corporal",IF(ISNUMBER(E24),E24,0)+F24,F24)*(30+G24)*100+F24,0),IF((J24>=6)*(1-(IF(K24="",-1,K24)>=1)*(IF(K24="",-1,K24)<=3))*(1-(IF(K24="",-1,K24)=0)),IF(C24="peso_corporal",IF(ISNUMBER(E24),E24,0)+I24,I24)*(30+J24)*100+I24,0),IF((M24>=6)*(1-(IF(N24="",-1,N24)>=1)*(IF(N24="",-1,N24)<=3))*(1-(IF(N24="",-1,N24)=0)),IF(C24="peso_corporal",IF(ISNUMBER(E24),E24,0)+L24,L24)*(30+M24)*100+L24,0),IF((P24>=6)*(1-(IF(Q24="",-1,Q24)>=1)*(IF(Q24="",-1,Q24)<=3))*(1-(IF(Q24="",-1,Q24)=0)),IF(C24="peso_corporal",IF(ISNUMBER(E24),E24,0)+O24,O24)*(30+P24)*100+O24,0),IF((S24>=6)*(1-(IF(T24="",-1,T24)>=1)*(IF(T24="",-1,T24)<=3))*(1-(IF(T24="",-1,T24)=0)),IF(C24="peso_corporal",IF(ISNUMBER(E24),E24,0)+R24,R24)*(30+S24)*100+R24,0)) -> 0 | AB24: =IF(AA24=0,0,IF(IF((S24>=6)*(1-(IF(T24="",-1,T24)>=1)*(IF(T24="",-1,T24)<=3))*(1-(IF(T24="",-1,T24)=0)),IF(C24="peso_corporal",IF(ISNUMBER(E24),E24,0)+R24,R24)*(30+S24)*100+R24,0)=AA24,5,IF(IF((P24>=6)*(1-(IF(Q24="",-1,Q24)>=1)*(IF(Q24="",-1,Q24)<=3))*(1-(IF(Q24="",-1,Q24)=0)),IF(C24="peso_corporal",IF(ISNUMBER(E24),E24,0)+O24,O24)*(30+P24)*100+O24,0)=AA24,4,IF(IF((M24>=6)*(1-(IF(N24="",-1,N24)>=1)*(IF(N24="",-1,N24)<=3))*(1-(IF(N24="",-1,N24)=0)),IF(C24="peso_corporal",IF(ISNUMBER(E24),E24,0)+L24,L24)*(30+M24)*100+L24,0)=AA24,3,IF(IF((J24>=6)*(1-(IF(K24="",-1,K24)>=1)*(IF(K24="",-1,K24)<=3))*(1-(IF(K24="",-1,K24)=0)),IF(C24="peso_corporal",IF(ISNUMBER(E24),E24,0)+I24,I24)*(30+J24)*100+I24,0)=AA24,2,IF(IF((G24>=6)*(1-(IF(H24="",-1,H24)>=1)*(IF(H24="",-1,H24)<=3))*(1-(IF(H24="",-1,H24)=0)),IF(C24="peso_corporal",IF(ISNUMBER(E24),E24,0)+F24,F24)*(30+G24)*100+F24,0)=AA24,1,0)))))) -> 0 | AC24: =IF(X24>0,"A"&X24,IF(Z24>0,"B"&Z24,IF(AB24>0,"C"&AB24,"")))
A25: — CUADRICEPS —
A26: Sentadilla | B26: Maquina | C26: =IFERROR(INDEX(EJERCICIOS!$D$3:$D$75,MATCH(A26&"|"&B26,EJERCICIOS!$G$3:$G$75,0)),"--") -> -- | D26: 3 | E26: =IFERROR(LOOKUP(2,1/(MEDIDAS_Y_PESO!$B$3:$B$3<>""),MEDIDAS_Y_PESO!$B$3:$B$3),"--") -> 80 | U26: =IFERROR(IF(IF(X26>0,X26,IF(Z26>0,Z26,IF(AB26>0,AB26,0)))=0,"--",ROUND(CHOOSE(IF(X26>0,X26,IF(Z26>0,Z26,IF(AB26>0,AB26,0))),IF(C26="peso_corporal",IF(ISNUMBER(E26),E26,0)+F26,F26)*(1+G26/30),IF(C26="peso_corporal",IF(ISNUMBER(E26),E26,0)+I26,I26)*(1+J26/30),IF(C26="peso_corporal",IF(ISNUMBER(E26),E26,0)+L26,L26)*(1+M26/30),IF(C26="peso_corporal",IF(ISNUMBER(E26),E26,0)+O26,O26)*(1+P26/30),IF(C26="peso_corporal",IF(ISNUMBER(E26),E26,0)+R26,R26)*(1+S26/30)),1)),"--") -> -- | V26: =IF(SUGERENCIAS!N12="SIN","Sin datos anteriores",IF(SUGERENCIAS!N12="SUBIR_F","^ SUBIR FUERTE | Kg:"&ROUND(SUGERENCIAS!K12,1)&" R:"&ROUND(SUGERENCIAS!L12,0)&" RIR:"&ROUND(SUGERENCIAS!M12,0),IF(SUGERENCIAS!N12="SUBIR_E","^ SUBIR (Est.) | Kg:"&ROUND(SUGERENCIAS!K12,1)&" R:"&ROUND(SUGERENCIAS!L12,0)&" RIR:"&ROUND(SUGERENCIAS!M12,0),IF(SUGERENCIAS!N12="SUBIR","^ SUBIR | Kg:"&ROUND(SUGERENCIAS!K12,1)&" R:"&ROUND(SUGERENCIAS!L12,0)&" RIR:"&ROUND(SUGERENCIAS!M12,0),IF(SUGERENCIAS!N12="BAJAR","v BAJAR | Kg:"&ROUND(SUGERENCIAS!K12,1)&" R:"&ROUND(SUGERENCIAS!L12,0)&" RIR:"&ROUND(SUGERENCIAS!M12,0),"= MANT | Kg:"&ROUND(SUGERENCIAS!K12,1)&" R:"&ROUND(SUGERENCIAS!L12,0)&" RIR:"&ROUND(SUGERENCIAS!M12,0)))))) -> Sin datos anteriores | W26: =MAX(IF((G26>0)*(IF(H26="",-1,H26)>=1)*(IF(H26="",-1,H26)<=3),IF(C26="peso_corporal",IF(ISNUMBER(E26),E26,0)+F26,F26)*G26*1000+F26,0),IF((J26>0)*(IF(K26="",-1,K26)>=1)*(IF(K26="",-1,K26)<=3),IF(C26="peso_corporal",IF(ISNUMBER(E26),E26,0)+I26,I26)*J26*1000+I26,0),IF((M26>0)*(IF(N26="",-1,N26)>=1)*(IF(N26="",-1,N26)<=3),IF(C26="peso_corporal",IF(ISNUMBER(E26),E26,0)+L26,L26)*M26*1000+L26,0),IF((P26>0)*(IF(Q26="",-1,Q26)>=1)*(IF(Q26="",-1,Q26)<=3),IF(C26="peso_corporal",IF(ISNUMBER(E26),E26,0)+O26,O26)*P26*1000+O26,0),IF((S26>0)*(IF(T26="",-1,T26)>=1)*(IF(T26="",-1,T26)<=3),IF(C26="peso_corporal",IF(ISNUMBER(E26),E26,0)+R26,R26)*S26*1000+R26,0)) -> 0 | X26: =IF(W26=0,0,IF(IF((S26>0)*(IF(T26="",-1,T26)>=1)*(IF(T26="",-1,T26)<=3),IF(C26="peso_corporal",IF(ISNUMBER(E26),E26,0)+R26,R26)*S26*1000+R26,0)=W26,5,IF(IF((P26>0)*(IF(Q26="",-1,Q26)>=1)*(IF(Q26="",-1,Q26)<=3),IF(C26="peso_corporal",IF(ISNUMBER(E26),E26,0)+O26,O26)*P26*1000+O26,0)=W26,4,IF(IF((M26>0)*(IF(N26="",-1,N26)>=1)*(IF(N26="",-1,N26)<=3),IF(C26="peso_corporal",IF(ISNUMBER(E26),E26,0)+L26,L26)*M26*1000+L26,0)=W26,3,IF(IF((J26>0)*(IF(K26="",-1,K26)>=1)*(IF(K26="",-1,K26)<=3),IF(C26="peso_corporal",IF(ISNUMBER(E26),E26,0)+I26,I26)*J26*1000+I26,0)=W26,2,IF(IF((G26>0)*(IF(H26="",-1,H26)>=1)*(IF(H26="",-1,H26)<=3),IF(C26="peso_corporal",IF(ISNUMBER(E26),E26,0)+F26,F26)*G26*1000+F26,0)=W26,1,0)))))) -> 0 | Y26: =MAX(IF((G26>0)*(IF(H26="",-1,H26)=0)*(1-(IF(H26="",-1,H26)>=1)*(IF(H26="",-1,H26)<=3)),IF(C26="peso_corporal",IF(ISNUMBER(E26),E26,0)+F26,F26)*G26*1000+F26,0),IF((J26>0)*(IF(K26="",-1,K26)=0)*(1-(IF(K26="",-1,K26)>=1)*(IF(K26="",-1,K26)<=3)),IF(C26="peso_corporal",IF(ISNUMBER(E26),E26,0)+I26,I26)*J26*1000+I26,0),IF((M26>0)*(IF(N26="",-1,N26)=0)*(1-(IF(N26="",-1,N26)>=1)*(IF(N26="",-1,N26)<=3)),IF(C26="peso_corporal",IF(ISNUMBER(E26),E26,0)+L26,L26)*M26*1000+L26,0),IF((P26>0)*(IF(Q26="",-1,Q26)=0)*(1-(IF(Q26="",-1,Q26)>=1)*(IF(Q26="",-1,Q26)<=3)),IF(C26="peso_corporal",IF(ISNUMBER(E26),E26,0)+O26,O26)*P26*1000+O26,0),IF((S26>0)*(IF(T26="",-1,T26)=0)*(1-(IF(T26="",-1,T26)>=1)*(IF(T26="",-1,T26)<=3)),IF(C26="peso_corporal",IF(ISNUMBER(E26),E26,0)+R26,R26)*S26*1000+R26,0)) -> 0 | Z26: =IF(Y26=0,0,IF(IF((S26>0)*(IF(T26="",-1,T26)=0)*(1-(IF(T26="",-1,T26)>=1)*(IF(T26="",-1,T26)<=3)),IF(C26="peso_corporal",IF(ISNUMBER(E26),E26,0)+R26,R26)*S26*1000+R26,0)=Y26,5,IF(IF((P26>0)*(IF(Q26="",-1,Q26)=0)*(1-(IF(Q26="",-1,Q26)>=1)*(IF(Q26="",-1,Q26)<=3)),IF(C26="peso_corporal",IF(ISNUMBER(E26),E26,0)+O26,O26)*P26*1000+O26,0)=Y26,4,IF(IF((M26>0)*(IF(N26="",-1,N26)=0)*(1-(IF(N26="",-1,N26)>=1)*(IF(N26="",-1,N26)<=3)),IF(C26="peso_corporal",IF(ISNUMBER(E26),E26,0)+L26,L26)*M26*1000+L26,0)=Y26,3,IF(IF((J26>0)*(IF(K26="",-1,K26)=0)*(1-(IF(K26="",-1,K26)>=1)*(IF(K26="",-1,K26)<=3)),IF(C26="peso_corporal",IF(ISNUMBER(E26),E26,0)+I26,I26)*J26*1000+I26,0)=Y26,2,IF(IF((G26>0)*(IF(H26="",-1,H26)=0)*(1-(IF(H26="",-1,H26)>=1)*(IF(H26="",-1,H26)<=3)),IF(C26="peso_corporal",IF(ISNUMBER(E26),E26,0)+F26,F26)*G26*1000+F26,0)=Y26,1,0)))))) -> 0 | AA26: =MAX(IF((G26>=6)*(1-(IF(H26="",-1,H26)>=1)*(IF(H26="",-1,H26)<=3))*(1-(IF(H26="",-1,H26)=0)),IF(C26="peso_corporal",IF(ISNUMBER(E26),E26,0)+F26,F26)*(30+G26)*100+F26,0),IF((J26>=6)*(1-(IF(K26="",-1,K26)>=1)*(IF(K26="",-1,K26)<=3))*(1-(IF(K26="",-1,K26)=0)),IF(C26="peso_corporal",IF(ISNUMBER(E26),E26,0)+I26,I26)*(30+J26)*100+I26,0),IF((M26>=6)*(1-(IF(N26="",-1,N26)>=1)*(IF(N26="",-1,N26)<=3))*(1-(IF(N26="",-1,N26)=0)),IF(C26="peso_corporal",IF(ISNUMBER(E26),E26,0)+L26,L26)*(30+M26)*100+L26,0),IF((P26>=6)*(1-(IF(Q26="",-1,Q26)>=1)*(IF(Q26="",-1,Q26)<=3))*(1-(IF(Q26="",-1,Q26)=0)),IF(C26="peso_corporal",IF(ISNUMBER(E26),E26,0)+O26,O26)*(30+P26)*100+O26,0),IF((S26>=6)*(1-(IF(T26="",-1,T26)>=1)*(IF(T26="",-1,T26)<=3))*(1-(IF(T26="",-1,T26)=0)),IF(C26="peso_corporal",IF(ISNUMBER(E26),E26,0)+R26,R26)*(30+S26)*100+R26,0)) -> 0 | AB26: =IF(AA26=0,0,IF(IF((S26>=6)*(1-(IF(T26="",-1,T26)>=1)*(IF(T26="",-1,T26)<=3))*(1-(IF(T26="",-1,T26)=0)),IF(C26="peso_corporal",IF(ISNUMBER(E26),E26,0)+R26,R26)*(30+S26)*100+R26,0)=AA26,5,IF(IF((P26>=6)*(1-(IF(Q26="",-1,Q26)>=1)*(IF(Q26="",-1,Q26)<=3))*(1-(IF(Q26="",-1,Q26)=0)),IF(C26="peso_corporal",IF(ISNUMBER(E26),E26,0)+O26,O26)*(30+P26)*100+O26,0)=AA26,4,IF(IF((M26>=6)*(1-(IF(N26="",-1,N26)>=1)*(IF(N26="",-1,N26)<=3))*(1-(IF(N26="",-1,N26)=0)),IF(C26="peso_corporal",IF(ISNUMBER(E26),E26,0)+L26,L26)*(30+M26)*100+L26,0)=AA26,3,IF(IF((J26>=6)*(1-(IF(K26="",-1,K26)>=1)*(IF(K26="",-1,K26)<=3))*(1-(IF(K26="",-1,K26)=0)),IF(C26="peso_corporal",IF(ISNUMBER(E26),E26,0)+I26,I26)*(30+J26)*100+I26,0)=AA26,2,IF(IF((G26>=6)*(1-(IF(H26="",-1,H26)>=1)*(IF(H26="",-1,H26)<=3))*(1-(IF(H26="",-1,H26)=0)),IF(C26="peso_corporal",IF(ISNUMBER(E26),E26,0)+F26,F26)*(30+G26)*100+F26,0)=AA26,1,0)))))) -> 0 | AC26: =IF(X26>0,"A"&X26,IF(Z26>0,"B"&Z26,IF(AB26>0,"C"&AB26,"")))
A27: — BICEPS —
A28: Curl Biceps | B28: Barra Recta Polea | C28: =IFERROR(INDEX(EJERCICIOS!$D$3:$D$75,MATCH(A28&"|"&B28,EJERCICIOS!$G$3:$G$75,0)),"--") -> polea | D28: 3 | E28: =IFERROR(LOOKUP(2,1/(MEDIDAS_Y_PESO!$B$3:$B$3<>""),MEDIDAS_Y_PESO!$B$3:$B$3),"--") -> 80 | U28: =IFERROR(IF(IF(X28>0,X28,IF(Z28>0,Z28,IF(AB28>0,AB28,0)))=0,"--",ROUND(CHOOSE(IF(X28>0,X28,IF(Z28>0,Z28,IF(AB28>0,AB28,0))),IF(C28="peso_corporal",IF(ISNUMBER(E28),E28,0)+F28,F28)*(1+G28/30),IF(C28="peso_corporal",IF(ISNUMBER(E28),E28,0)+I28,I28)*(1+J28/30),IF(C28="peso_corporal",IF(ISNUMBER(E28),E28,0)+L28,L28)*(1+M28/30),IF(C28="peso_corporal",IF(ISNUMBER(E28),E28,0)+O28,O28)*(1+P28/30),IF(C28="peso_corporal",IF(ISNUMBER(E28),E28,0)+R28,R28)*(1+S28/30)),1)),"--") -> -- | V28: =IF(SUGERENCIAS!N13="SIN","Sin datos anteriores",IF(SUGERENCIAS!N13="SUBIR_F","^ SUBIR FUERTE | Kg:"&ROUND(SUGERENCIAS!K13,1)&" R:"&ROUND(SUGERENCIAS!L13,0)&" RIR:"&ROUND(SUGERENCIAS!M13,0),IF(SUGERENCIAS!N13="SUBIR_E","^ SUBIR (Est.) | Kg:"&ROUND(SUGERENCIAS!K13,1)&" R:"&ROUND(SUGERENCIAS!L13,0)&" RIR:"&ROUND(SUGERENCIAS!M13,0),IF(SUGERENCIAS!N13="SUBIR","^ SUBIR | Kg:"&ROUND(SUGERENCIAS!K13,1)&" R:"&ROUND(SUGERENCIAS!L13,0)&" RIR:"&ROUND(SUGERENCIAS!M13,0),IF(SUGERENCIAS!N13="BAJAR","v BAJAR | Kg:"&ROUND(SUGERENCIAS!K13,1)&" R:"&ROUND(SUGERENCIAS!L13,0)&" RIR:"&ROUND(SUGERENCIAS!M13,0),"= MANT | Kg:"&ROUND(SUGERENCIAS!K13,1)&" R:"&ROUND(SUGERENCIAS!L13,0)&" RIR:"&ROUND(SUGERENCIAS!M13,0)))))) -> Sin datos anteriores | W28: =MAX(IF((G28>0)*(IF(H28="",-1,H28)>=1)*(IF(H28="",-1,H28)<=3),IF(C28="peso_corporal",IF(ISNUMBER(E28),E28,0)+F28,F28)*G28*1000+F28,0),IF((J28>0)*(IF(K28="",-1,K28)>=1)*(IF(K28="",-1,K28)<=3),IF(C28="peso_corporal",IF(ISNUMBER(E28),E28,0)+I28,I28)*J28*1000+I28,0),IF((M28>0)*(IF(N28="",-1,N28)>=1)*(IF(N28="",-1,N28)<=3),IF(C28="peso_corporal",IF(ISNUMBER(E28),E28,0)+L28,L28)*M28*1000+L28,0),IF((P28>0)*(IF(Q28="",-1,Q28)>=1)*(IF(Q28="",-1,Q28)<=3),IF(C28="peso_corporal",IF(ISNUMBER(E28),E28,0)+O28,O28)*P28*1000+O28,0),IF((S28>0)*(IF(T28="",-1,T28)>=1)*(IF(T28="",-1,T28)<=3),IF(C28="peso_corporal",IF(ISNUMBER(E28),E28,0)+R28,R28)*S28*1000+R28,0)) -> 0 | X28: =IF(W28=0,0,IF(IF((S28>0)*(IF(T28="",-1,T28)>=1)*(IF(T28="",-1,T28)<=3),IF(C28="peso_corporal",IF(ISNUMBER(E28),E28,0)+R28,R28)*S28*1000+R28,0)=W28,5,IF(IF((P28>0)*(IF(Q28="",-1,Q28)>=1)*(IF(Q28="",-1,Q28)<=3),IF(C28="peso_corporal",IF(ISNUMBER(E28),E28,0)+O28,O28)*P28*1000+O28,0)=W28,4,IF(IF((M28>0)*(IF(N28="",-1,N28)>=1)*(IF(N28="",-1,N28)<=3),IF(C28="peso_corporal",IF(ISNUMBER(E28),E28,0)+L28,L28)*M28*1000+L28,0)=W28,3,IF(IF((J28>0)*(IF(K28="",-1,K28)>=1)*(IF(K28="",-1,K28)<=3),IF(C28="peso_corporal",IF(ISNUMBER(E28),E28,0)+I28,I28)*J28*1000+I28,0)=W28,2,IF(IF((G28>0)*(IF(H28="",-1,H28)>=1)*(IF(H28="",-1,H28)<=3),IF(C28="peso_corporal",IF(ISNUMBER(E28),E28,0)+F28,F28)*G28*1000+F28,0)=W28,1,0)))))) -> 0 | Y28: =MAX(IF((G28>0)*(IF(H28="",-1,H28)=0)*(1-(IF(H28="",-1,H28)>=1)*(IF(H28="",-1,H28)<=3)),IF(C28="peso_corporal",IF(ISNUMBER(E28),E28,0)+F28,F28)*G28*1000+F28,0),IF((J28>0)*(IF(K28="",-1,K28)=0)*(1-(IF(K28="",-1,K28)>=1)*(IF(K28="",-1,K28)<=3)),IF(C28="peso_corporal",IF(ISNUMBER(E28),E28,0)+I28,I28)*J28*1000+I28,0),IF((M28>0)*(IF(N28="",-1,N28)=0)*(1-(IF(N28="",-1,N28)>=1)*(IF(N28="",-1,N28)<=3)),IF(C28="peso_corporal",IF(ISNUMBER(E28),E28,0)+L28,L28)*M28*1000+L28,0),IF((P28>0)*(IF(Q28="",-1,Q28)=0)*(1-(IF(Q28="",-1,Q28)>=1)*(IF(Q28="",-1,Q28)<=3)),IF(C28="peso_corporal",IF(ISNUMBER(E28),E28,0)+O28,O28)*P28*1000+O28,0),IF((S28>0)*(IF(T28="",-1,T28)=0)*(1-(IF(T28="",-1,T28)>=1)*(IF(T28="",-1,T28)<=3)),IF(C28="peso_corporal",IF(ISNUMBER(E28),E28,0)+R28,R28)*S28*1000+R28,0)) -> 0 | Z28: =IF(Y28=0,0,IF(IF((S28>0)*(IF(T28="",-1,T28)=0)*(1-(IF(T28="",-1,T28)>=1)*(IF(T28="",-1,T28)<=3)),IF(C28="peso_corporal",IF(ISNUMBER(E28),E28,0)+R28,R28)*S28*1000+R28,0)=Y28,5,IF(IF((P28>0)*(IF(Q28="",-1,Q28)=0)*(1-(IF(Q28="",-1,Q28)>=1)*(IF(Q28="",-1,Q28)<=3)),IF(C28="peso_corporal",IF(ISNUMBER(E28),E28,0)+O28,O28)*P28*1000+O28,0)=Y28,4,IF(IF((M28>0)*(IF(N28="",-1,N28)=0)*(1-(IF(N28="",-1,N28)>=1)*(IF(N28="",-1,N28)<=3)),IF(C28="peso_corporal",IF(ISNUMBER(E28),E28,0)+L28,L28)*M28*1000+L28,0)=Y28,3,IF(IF((J28>0)*(IF(K28="",-1,K28)=0)*(1-(IF(K28="",-1,K28)>=1)*(IF(K28="",-1,K28)<=3)),IF(C28="peso_corporal",IF(ISNUMBER(E28),E28,0)+I28,I28)*J28*1000+I28,0)=Y28,2,IF(IF((G28>0)*(IF(H28="",-1,H28)=0)*(1-(IF(H28="",-1,H28)>=1)*(IF(H28="",-1,H28)<=3)),IF(C28="peso_corporal",IF(ISNUMBER(E28),E28,0)+F28,F28)*G28*1000+F28,0)=Y28,1,0)))))) -> 0 | AA28: =MAX(IF((G28>=6)*(1-(IF(H28="",-1,H28)>=1)*(IF(H28="",-1,H28)<=3))*(1-(IF(H28="",-1,H28)=0)),IF(C28="peso_corporal",IF(ISNUMBER(E28),E28,0)+F28,F28)*(30+G28)*100+F28,0),IF((J28>=6)*(1-(IF(K28="",-1,K28)>=1)*(IF(K28="",-1,K28)<=3))*(1-(IF(K28="",-1,K28)=0)),IF(C28="peso_corporal",IF(ISNUMBER(E28),E28,0)+I28,I28)*(30+J28)*100+I28,0),IF((M28>=6)*(1-(IF(N28="",-1,N28)>=1)*(IF(N28="",-1,N28)<=3))*(1-(IF(N28="",-1,N28)=0)),IF(C28="peso_corporal",IF(ISNUMBER(E28),E28,0)+L28,L28)*(30+M28)*100+L28,0),IF((P28>=6)*(1-(IF(Q28="",-1,Q28)>=1)*(IF(Q28="",-1,Q28)<=3))*(1-(IF(Q28="",-1,Q28)=0)),IF(C28="peso_corporal",IF(ISNUMBER(E28),E28,0)+O28,O28)*(30+P28)*100+O28,0),IF((S28>=6)*(1-(IF(T28="",-1,T28)>=1)*(IF(T28="",-1,T28)<=3))*(1-(IF(T28="",-1,T28)=0)),IF(C28="peso_corporal",IF(ISNUMBER(E28),E28,0)+R28,R28)*(30+S28)*100+R28,0)) -> 0 | AB28: =IF(AA28=0,0,IF(IF((S28>=6)*(1-(IF(T28="",-1,T28)>=1)*(IF(T28="",-1,T28)<=3))*(1-(IF(T28="",-1,T28)=0)),IF(C28="peso_corporal",IF(ISNUMBER(E28),E28,0)+R28,R28)*(30+S28)*100+R28,0)=AA28,5,IF(IF((P28>=6)*(1-(IF(Q28="",-1,Q28)>=1)*(IF(Q28="",-1,Q28)<=3))*(1-(IF(Q28="",-1,Q28)=0)),IF(C28="peso_corporal",IF(ISNUMBER(E28),E28,0)+O28,O28)*(30+P28)*100+O28,0)=AA28,4,IF(IF((M28>=6)*(1-(IF(N28="",-1,N28)>=1)*(IF(N28="",-1,N28)<=3))*(1-(IF(N28="",-1,N28)=0)),IF(C28="peso_corporal",IF(ISNUMBER(E28),E28,0)+L28,L28)*(30+M28)*100+L28,0)=AA28,3,IF(IF((J28>=6)*(1-(IF(K28="",-1,K28)>=1)*(IF(K28="",-1,K28)<=3))*(1-(IF(K28="",-1,K28)=0)),IF(C28="peso_corporal",IF(ISNUMBER(E28),E28,0)+I28,I28)*(30+J28)*100+I28,0)=AA28,2,IF(IF((G28>=6)*(1-(IF(H28="",-1,H28)>=1)*(IF(H28="",-1,H28)<=3))*(1-(IF(H28="",-1,H28)=0)),IF(C28="peso_corporal",IF(ISNUMBER(E28),E28,0)+F28,F28)*(30+G28)*100+F28,0)=AA28,1,0)))))) -> 0 | AC28: =IF(X28>0,"A"&X28,IF(Z28>0,"B"&Z28,IF(AB28>0,"C"&AB28,"")))
A29: — CIERRE —
A30: Crunch | B30: Polea | C30: =IFERROR(INDEX(EJERCICIOS!$D$3:$D$75,MATCH(A30&"|"&B30,EJERCICIOS!$G$3:$G$75,0)),"--") -> polea | D30: 3 | E30: =IFERROR(LOOKUP(2,1/(MEDIDAS_Y_PESO!$B$3:$B$3<>""),MEDIDAS_Y_PESO!$B$3:$B$3),"--") -> 80 | U30: =IFERROR(IF(IF(X30>0,X30,IF(Z30>0,Z30,IF(AB30>0,AB30,0)))=0,"--",ROUND(CHOOSE(IF(X30>0,X30,IF(Z30>0,Z30,IF(AB30>0,AB30,0))),IF(C30="peso_corporal",IF(ISNUMBER(E30),E30,0)+F30,F30)*(1+G30/30),IF(C30="peso_corporal",IF(ISNUMBER(E30),E30,0)+I30,I30)*(1+J30/30),IF(C30="peso_corporal",IF(ISNUMBER(E30),E30,0)+L30,L30)*(1+M30/30),IF(C30="peso_corporal",IF(ISNUMBER(E30),E30,0)+O30,O30)*(1+P30/30),IF(C30="peso_corporal",IF(ISNUMBER(E30),E30,0)+R30,R30)*(1+S30/30)),1)),"--") -> -- | V30: =IF(SUGERENCIAS!N14="SIN","Sin datos anteriores",IF(SUGERENCIAS!N14="SUBIR_F","^ SUBIR FUERTE | Kg:"&ROUND(SUGERENCIAS!K14,1)&" R:"&ROUND(SUGERENCIAS!L14,0)&" RIR:"&ROUND(SUGERENCIAS!M14,0),IF(SUGERENCIAS!N14="SUBIR_E","^ SUBIR (Est.) | Kg:"&ROUND(SUGERENCIAS!K14,1)&" R:"&ROUND(SUGERENCIAS!L14,0)&" RIR:"&ROUND(SUGERENCIAS!M14,0),IF(SUGERENCIAS!N14="SUBIR","^ SUBIR | Kg:"&ROUND(SUGERENCIAS!K14,1)&" R:"&ROUND(SUGERENCIAS!L14,0)&" RIR:"&ROUND(SUGERENCIAS!M14,0),IF(SUGERENCIAS!N14="BAJAR","v BAJAR | Kg:"&ROUND(SUGERENCIAS!K14,1)&" R:"&ROUND(SUGERENCIAS!L14,0)&" RIR:"&ROUND(SUGERENCIAS!M14,0),"= MANT | Kg:"&ROUND(SUGERENCIAS!K14,1)&" R:"&ROUND(SUGERENCIAS!L14,0)&" RIR:"&ROUND(SUGERENCIAS!M14,0)))))) -> Sin datos anteriores | W30: =MAX(IF((G30>0)*(IF(H30="",-1,H30)>=1)*(IF(H30="",-1,H30)<=3),IF(C30="peso_corporal",IF(ISNUMBER(E30),E30,0)+F30,F30)*G30*1000+F30,0),IF((J30>0)*(IF(K30="",-1,K30)>=1)*(IF(K30="",-1,K30)<=3),IF(C30="peso_corporal",IF(ISNUMBER(E30),E30,0)+I30,I30)*J30*1000+I30,0),IF((M30>0)*(IF(N30="",-1,N30)>=1)*(IF(N30="",-1,N30)<=3),IF(C30="peso_corporal",IF(ISNUMBER(E30),E30,0)+L30,L30)*M30*1000+L30,0),IF((P30>0)*(IF(Q30="",-1,Q30)>=1)*(IF(Q30="",-1,Q30)<=3),IF(C30="peso_corporal",IF(ISNUMBER(E30),E30,0)+O30,O30)*P30*1000+O30,0),IF((S30>0)*(IF(T30="",-1,T30)>=1)*(IF(T30="",-1,T30)<=3),IF(C30="peso_corporal",IF(ISNUMBER(E30),E30,0)+R30,R30)*S30*1000+R30,0)) -> 0 | X30: =IF(W30=0,0,IF(IF((S30>0)*(IF(T30="",-1,T30)>=1)*(IF(T30="",-1,T30)<=3),IF(C30="peso_corporal",IF(ISNUMBER(E30),E30,0)+R30,R30)*S30*1000+R30,0)=W30,5,IF(IF((P30>0)*(IF(Q30="",-1,Q30)>=1)*(IF(Q30="",-1,Q30)<=3),IF(C30="peso_corporal",IF(ISNUMBER(E30),E30,0)+O30,O30)*P30*1000+O30,0)=W30,4,IF(IF((M30>0)*(IF(N30="",-1,N30)>=1)*(IF(N30="",-1,N30)<=3),IF(C30="peso_corporal",IF(ISNUMBER(E30),E30,0)+L30,L30)*M30*1000+L30,0)=W30,3,IF(IF((J30>0)*(IF(K30="",-1,K30)>=1)*(IF(K30="",-1,K30)<=3),IF(C30="peso_corporal",IF(ISNUMBER(E30),E30,0)+I30,I30)*J30*1000+I30,0)=W30,2,IF(IF((G30>0)*(IF(H30="",-1,H30)>=1)*(IF(H30="",-1,H30)<=3),IF(C30="peso_corporal",IF(ISNUMBER(E30),E30,0)+F30,F30)*G30*1000+F30,0)=W30,1,0)))))) -> 0 | Y30: =MAX(IF((G30>0)*(IF(H30="",-1,H30)=0)*(1-(IF(H30="",-1,H30)>=1)*(IF(H30="",-1,H30)<=3)),IF(C30="peso_corporal",IF(ISNUMBER(E30),E30,0)+F30,F30)*G30*1000+F30,0),IF((J30>0)*(IF(K30="",-1,K30)=0)*(1-(IF(K30="",-1,K30)>=1)*(IF(K30="",-1,K30)<=3)),IF(C30="peso_corporal",IF(ISNUMBER(E30),E30,0)+I30,I30)*J30*1000+I30,0),IF((M30>0)*(IF(N30="",-1,N30)=0)*(1-(IF(N30="",-1,N30)>=1)*(IF(N30="",-1,N30)<=3)),IF(C30="peso_corporal",IF(ISNUMBER(E30),E30,0)+L30,L30)*M30*1000+L30,0),IF((P30>0)*(IF(Q30="",-1,Q30)=0)*(1-(IF(Q30="",-1,Q30)>=1)*(IF(Q30="",-1,Q30)<=3)),IF(C30="peso_corporal",IF(ISNUMBER(E30),E30,0)+O30,O30)*P30*1000+O30,0),IF((S30>0)*(IF(T30="",-1,T30)=0)*(1-(IF(T30="",-1,T30)>=1)*(IF(T30="",-1,T30)<=3)),IF(C30="peso_corporal",IF(ISNUMBER(E30),E30,0)+R30,R30)*S30*1000+R30,0)) -> 0 | Z30: =IF(Y30=0,0,IF(IF((S30>0)*(IF(T30="",-1,T30)=0)*(1-(IF(T30="",-1,T30)>=1)*(IF(T30="",-1,T30)<=3)),IF(C30="peso_corporal",IF(ISNUMBER(E30),E30,0)+R30,R30)*S30*1000+R30,0)=Y30,5,IF(IF((P30>0)*(IF(Q30="",-1,Q30)=0)*(1-(IF(Q30="",-1,Q30)>=1)*(IF(Q30="",-1,Q30)<=3)),IF(C30="peso_corporal",IF(ISNUMBER(E30),E30,0)+O30,O30)*P30*1000+O30,0)=Y30,4,IF(IF((M30>0)*(IF(N30="",-1,N30)=0)*(1-(IF(N30="",-1,N30)>=1)*(IF(N30="",-1,N30)<=3)),IF(C30="peso_corporal",IF(ISNUMBER(E30),E30,0)+L30,L30)*M30*1000+L30,0)=Y30,3,IF(IF((J30>0)*(IF(K30="",-1,K30)=0)*(1-(IF(K30="",-1,K30)>=1)*(IF(K30="",-1,K30)<=3)),IF(C30="peso_corporal",IF(ISNUMBER(E30),E30,0)+I30,I30)*J30*1000+I30,0)=Y30,2,IF(IF((G30>0)*(IF(H30="",-1,H30)=0)*(1-(IF(H30="",-1,H30)>=1)*(IF(H30="",-1,H30)<=3)),IF(C30="peso_corporal",IF(ISNUMBER(E30),E30,0)+F30,F30)*G30*1000+F30,0)=Y30,1,0)))))) -> 0 | AA30: =MAX(IF((G30>=6)*(1-(IF(H30="",-1,H30)>=1)*(IF(H30="",-1,H30)<=3))*(1-(IF(H30="",-1,H30)=0)),IF(C30="peso_corporal",IF(ISNUMBER(E30),E30,0)+F30,F30)*(30+G30)*100+F30,0),IF((J30>=6)*(1-(IF(K30="",-1,K30)>=1)*(IF(K30="",-1,K30)<=3))*(1-(IF(K30="",-1,K30)=0)),IF(C30="peso_corporal",IF(ISNUMBER(E30),E30,0)+I30,I30)*(30+J30)*100+I30,0),IF((M30>=6)*(1-(IF(N30="",-1,N30)>=1)*(IF(N30="",-1,N30)<=3))*(1-(IF(N30="",-1,N30)=0)),IF(C30="peso_corporal",IF(ISNUMBER(E30),E30,0)+L30,L30)*(30+M30)*100+L30,0),IF((P30>=6)*(1-(IF(Q30="",-1,Q30)>=1)*(IF(Q30="",-1,Q30)<=3))*(1-(IF(Q30="",-1,Q30)=0)),IF(C30="peso_corporal",IF(ISNUMBER(E30),E30,0)+O30,O30)*(30+P30)*100+O30,0),IF((S30>=6)*(1-(IF(T30="",-1,T30)>=1)*(IF(T30="",-1,T30)<=3))*(1-(IF(T30="",-1,T30)=0)),IF(C30="peso_corporal",IF(ISNUMBER(E30),E30,0)+R30,R30)*(30+S30)*100+R30,0)) -> 0 | AB30: =IF(AA30=0,0,IF(IF((S30>=6)*(1-(IF(T30="",-1,T30)>=1)*(IF(T30="",-1,T30)<=3))*(1-(IF(T30="",-1,T30)=0)),IF(C30="peso_corporal",IF(ISNUMBER(E30),E30,0)+R30,R30)*(30+S30)*100+R30,0)=AA30,5,IF(IF((P30>=6)*(1-(IF(Q30="",-1,Q30)>=1)*(IF(Q30="",-1,Q30)<=3))*(1-(IF(Q30="",-1,Q30)=0)),IF(C30="peso_corporal",IF(ISNUMBER(E30),E30,0)+O30,O30)*(30+P30)*100+O30,0)=AA30,4,IF(IF((M30>=6)*(1-(IF(N30="",-1,N30)>=1)*(IF(N30="",-1,N30)<=3))*(1-(IF(N30="",-1,N30)=0)),IF(C30="peso_corporal",IF(ISNUMBER(E30),E30,0)+L30,L30)*(30+M30)*100+L30,0)=AA30,3,IF(IF((J30>=6)*(1-(IF(K30="",-1,K30)>=1)*(IF(K30="",-1,K30)<=3))*(1-(IF(K30="",-1,K30)=0)),IF(C30="peso_corporal",IF(ISNUMBER(E30),E30,0)+I30,I30)*(30+J30)*100+I30,0)=AA30,2,IF(IF((G30>=6)*(1-(IF(H30="",-1,H30)>=1)*(IF(H30="",-1,H30)<=3))*(1-(IF(H30="",-1,H30)=0)),IF(C30="peso_corporal",IF(ISNUMBER(E30),E30,0)+F30,F30)*(30+G30)*100+F30,0)=AA30,1,0)))))) -> 0 | AC30: =IF(X30>0,"A"&X30,IF(Z30>0,"B"&Z30,IF(AB30>0,"C"&AB30,"")))
A32: SEMANA 2 HIP -- Hipertrofia
A33: — PECHO —
A34: · Medio
A35: Press Plano | B35: Barra | C35: =IFERROR(INDEX(EJERCICIOS!$D$3:$D$75,MATCH(A35&"|"&B35,EJERCICIOS!$G$3:$G$75,0)),"--") -> disco | D35: 3 | E35: =IFERROR(LOOKUP(2,1/(MEDIDAS_Y_PESO!$B$3:$B$4<>""),MEDIDAS_Y_PESO!$B$3:$B$4),"--") -> 80 | U35: =IFERROR(IF(IF(X35>0,X35,IF(Z35>0,Z35,IF(AB35>0,AB35,0)))=0,"--",ROUND(CHOOSE(IF(X35>0,X35,IF(Z35>0,Z35,IF(AB35>0,AB35,0))),IF(C35="peso_corporal",IF(ISNUMBER(E35),E35,0)+F35,F35)*(1+G35/30),IF(C35="peso_corporal",IF(ISNUMBER(E35),E35,0)+I35,I35)*(1+J35/30),IF(C35="peso_corporal",IF(ISNUMBER(E35),E35,0)+L35,L35)*(1+M35/30),IF(C35="peso_corporal",IF(ISNUMBER(E35),E35,0)+O35,O35)*(1+P35/30),IF(C35="peso_corporal",IF(ISNUMBER(E35),E35,0)+R35,R35)*(1+S35/30)),1)),"--") -> -- | V35: =IF(SUGERENCIAS!N67="SIN","Sin datos anteriores",IF(SUGERENCIAS!N67="SUBIR_F","^ SUBIR FUERTE | Kg:"&ROUND(SUGERENCIAS!K67,1)&" R:"&ROUND(SUGERENCIAS!L67,0)&" RIR:"&ROUND(SUGERENCIAS!M67,0),IF(SUGERENCIAS!N67="SUBIR_E","^ SUBIR (Est.) | Kg:"&ROUND(SUGERENCIAS!K67,1)&" R:"&ROUND(SUGERENCIAS!L67,0)&" RIR:"&ROUND(SUGERENCIAS!M67,0),IF(SUGERENCIAS!N67="SUBIR","^ SUBIR | Kg:"&ROUND(SUGERENCIAS!K67,1)&" R:"&ROUND(SUGERENCIAS!L67,0)&" RIR:"&ROUND(SUGERENCIAS!M67,0),IF(SUGERENCIAS!N67="BAJAR","v BAJAR | Kg:"&ROUND(SUGERENCIAS!K67,1)&" R:"&ROUND(SUGERENCIAS!L67,0)&" RIR:"&ROUND(SUGERENCIAS!M67,0),"= MANT | Kg:"&ROUND(SUGERENCIAS!K67,1)&" R:"&ROUND(SUGERENCIAS!L67,0)&" RIR:"&ROUND(SUGERENCIAS!M67,0)))))) -> Sin datos anteriores | W35: =MAX(IF((G35>0)*(IF(H35="",-1,H35)>=1)*(IF(H35="",-1,H35)<=3),IF(C35="peso_corporal",IF(ISNUMBER(E35),E35,0)+F35,F35)*G35*1000+F35,0),IF((J35>0)*(IF(K35="",-1,K35)>=1)*(IF(K35="",-1,K35)<=3),IF(C35="peso_corporal",IF(ISNUMBER(E35),E35,0)+I35,I35)*J35*1000+I35,0),IF((M35>0)*(IF(N35="",-1,N35)>=1)*(IF(N35="",-1,N35)<=3),IF(C35="peso_corporal",IF(ISNUMBER(E35),E35,0)+L35,L35)*M35*1000+L35,0),IF((P35>0)*(IF(Q35="",-1,Q35)>=1)*(IF(Q35="",-1,Q35)<=3),IF(C35="peso_corporal",IF(ISNUMBER(E35),E35,0)+O35,O35)*P35*1000+O35,0),IF((S35>0)*(IF(T35="",-1,T35)>=1)*(IF(T35="",-1,T35)<=3),IF(C35="peso_corporal",IF(ISNUMBER(E35),E35,0)+R35,R35)*S35*1000+R35,0)) -> 0 | X35: =IF(W35=0,0,IF(IF((S35>0)*(IF(T35="",-1,T35)>=1)*(IF(T35="",-1,T35)<=3),IF(C35="peso_corporal",IF(ISNUMBER(E35),E35,0)+R35,R35)*S35*1000+R35,0)=W35,5,IF(IF((P35>0)*(IF(Q35="",-1,Q35)>=1)*(IF(Q35="",-1,Q35)<=3),IF(C35="peso_corporal",IF(ISNUMBER(E35),E35,0)+O35,O35)*P35*1000+O35,0)=W35,4,IF(IF((M35>0)*(IF(N35="",-1,N35)>=1)*(IF(N35="",-1,N35)<=3),IF(C35="peso_corporal",IF(ISNUMBER(E35),E35,0)+L35,L35)*M35*1000+L35,0)=W35,3,IF(IF((J35>0)*(IF(K35="",-1,K35)>=1)*(IF(K35="",-1,K35)<=3),IF(C35="peso_corporal",IF(ISNUMBER(E35),E35,0)+I35,I35)*J35*1000+I35,0)=W35,2,IF(IF((G35>0)*(IF(H35="",-1,H35)>=1)*(IF(H35="",-1,H35)<=3),IF(C35="peso_corporal",IF(ISNUMBER(E35),E35,0)+F35,F35)*G35*1000+F35,0)=W35,1,0)))))) -> 0 | Y35: =MAX(IF((G35>0)*(IF(H35="",-1,H35)=0)*(1-(IF(H35="",-1,H35)>=1)*(IF(H35="",-1,H35)<=3)),IF(C35="peso_corporal",IF(ISNUMBER(E35),E35,0)+F35,F35)*G35*1000+F35,0),IF((J35>0)*(IF(K35="",-1,K35)=0)*(1-(IF(K35="",-1,K35)>=1)*(IF(K35="",-1,K35)<=3)),IF(C35="peso_corporal",IF(ISNUMBER(E35),E35,0)+I35,I35)*J35*1000+I35,0),IF((M35>0)*(IF(N35="",-1,N35)=0)*(1-(IF(N35="",-1,N35)>=1)*(IF(N35="",-1,N35)<=3)),IF(C35="peso_corporal",IF(ISNUMBER(E35),E35,0)+L35,L35)*M35*1000+L35,0),IF((P35>0)*(IF(Q35="",-1,Q35)=0)*(1-(IF(Q35="",-1,Q35)>=1)*(IF(Q35="",-1,Q35)<=3)),IF(C35="peso_corporal",IF(ISNUMBER(E35),E35,0)+O35,O35)*P35*1000+O35,0),IF((S35>0)*(IF(T35="",-1,T35)=0)*(1-(IF(T35="",-1,T35)>=1)*(IF(T35="",-1,T35)<=3)),IF(C35="peso_corporal",IF(ISNUMBER(E35),E35,0)+R35,R35)*S35*1000+R35,0)) -> 0 | Z35: =IF(Y35=0,0,IF(IF((S35>0)*(IF(T35="",-1,T35)=0)*(1-(IF(T35="",-1,T35)>=1)*(IF(T35="",-1,T35)<=3)),IF(C35="peso_corporal",IF(ISNUMBER(E35),E35,0)+R35,R35)*S35*1000+R35,0)=Y35,5,IF(IF((P35>0)*(IF(Q35="",-1,Q35)=0)*(1-(IF(Q35="",-1,Q35)>=1)*(IF(Q35="",-1,Q35)<=3)),IF(C35="peso_corporal",IF(ISNUMBER(E35),E35,0)+O35,O35)*P35*1000+O35,0)=Y35,4,IF(IF((M35>0)*(IF(N35="",-1,N35)=0)*(1-(IF(N35="",-1,N35)>=1)*(IF(N35="",-1,N35)<=3)),IF(C35="peso_corporal",IF(ISNUMBER(E35),E35,0)+L35,L35)*M35*1000+L35,0)=Y35,3,IF(IF((J35>0)*(IF(K35="",-1,K35)=0)*(1-(IF(K35="",-1,K35)>=1)*(IF(K35="",-1,K35)<=3)),IF(C35="peso_corporal",IF(ISNUMBER(E35),E35,0)+I35,I35)*J35*1000+I35,0)=Y35,2,IF(IF((G35>0)*(IF(H35="",-1,H35)=0)*(1-(IF(H35="",-1,H35)>=1)*(IF(H35="",-1,H35)<=3)),IF(C35="peso_corporal",IF(ISNUMBER(E35),E35,0)+F35,F35)*G35*1000+F35,0)=Y35,1,0)))))) -> 0 | AA35: =MAX(IF((G35>=6)*(1-(IF(H35="",-1,H35)>=1)*(IF(H35="",-1,H35)<=3))*(1-(IF(H35="",-1,H35)=0)),IF(C35="peso_corporal",IF(ISNUMBER(E35),E35,0)+F35,F35)*(30+G35)*100+F35,0),IF((J35>=6)*(1-(IF(K35="",-1,K35)>=1)*(IF(K35="",-1,K35)<=3))*(1-(IF(K35="",-1,K35)=0)),IF(C35="peso_corporal",IF(ISNUMBER(E35),E35,0)+I35,I35)*(30+J35)*100+I35,0),IF((M35>=6)*(1-(IF(N35="",-1,N35)>=1)*(IF(N35="",-1,N35)<=3))*(1-(IF(N35="",-1,N35)=0)),IF(C35="peso_corporal",IF(ISNUMBER(E35),E35,0)+L35,L35)*(30+M35)*100+L35,0),IF((P35>=6)*(1-(IF(Q35="",-1,Q35)>=1)*(IF(Q35="",-1,Q35)<=3))*(1-(IF(Q35="",-1,Q35)=0)),IF(C35="peso_corporal",IF(ISNUMBER(E35),E35,0)+O35,O35)*(30+P35)*100+O35,0),IF((S35>=6)*(1-(IF(T35="",-1,T35)>=1)*(IF(T35="",-1,T35)<=3))*(1-(IF(T35="",-1,T35)=0)),IF(C35="peso_corporal",IF(ISNUMBER(E35),E35,0)+R35,R35)*(30+S35)*100+R35,0)) -> 0 | AB35: =IF(AA35=0,0,IF(IF((S35>=6)*(1-(IF(T35="",-1,T35)>=1)*(IF(T35="",-1,T35)<=3))*(1-(IF(T35="",-1,T35)=0)),IF(C35="peso_corporal",IF(ISNUMBER(E35),E35,0)+R35,R35)*(30+S35)*100+R35,0)=AA35,5,IF(IF((P35>=6)*(1-(IF(Q35="",-1,Q35)>=1)*(IF(Q35="",-1,Q35)<=3))*(1-(IF(Q35="",-1,Q35)=0)),IF(C35="peso_corporal",IF(ISNUMBER(E35),E35,0)+O35,O35)*(30+P35)*100+O35,0)=AA35,4,IF(IF((M35>=6)*(1-(IF(N35="",-1,N35)>=1)*(IF(N35="",-1,N35)<=3))*(1-(IF(N35="",-1,N35)=0)),IF(C35="peso_corporal",IF(ISNUMBER(E35),E35,0)+L35,L35)*(30+M35)*100+L35,0)=AA35,3,IF(IF((J35>=6)*(1-(IF(K35="",-1,K35)>=1)*(IF(K35="",-1,K35)<=3))*(1-(IF(K35="",-1,K35)=0)),IF(C35="peso_corporal",IF(ISNUMBER(E35),E35,0)+I35,I35)*(30+J35)*100+I35,0)=AA35,2,IF(IF((G35>=6)*(1-(IF(H35="",-1,H35)>=1)*(IF(H35="",-1,H35)<=3))*(1-(IF(H35="",-1,H35)=0)),IF(C35="peso_corporal",IF(ISNUMBER(E35),E35,0)+F35,F35)*(30+G35)*100+F35,0)=AA35,1,0)))))) -> 0 | AC35: =IF(X35>0,"A"&X35,IF(Z35>0,"B"&Z35,IF(AB35>0,"C"&AB35,"")))
A36: · Alto
A37: Press Inclinado | B37: Mancuernas | C37: =IFERROR(INDEX(EJERCICIOS!$D$3:$D$75,MATCH(A37&"|"&B37,EJERCICIOS!$G$3:$G$75,0)),"--") -> mancuerna | D37: 3 | E37: =IFERROR(LOOKUP(2,1/(MEDIDAS_Y_PESO!$B$3:$B$4<>""),MEDIDAS_Y_PESO!$B$3:$B$4),"--") -> 80 | U37: =IFERROR(IF(IF(X37>0,X37,IF(Z37>0,Z37,IF(AB37>0,AB37,0)))=0,"--",ROUND(CHOOSE(IF(X37>0,X37,IF(Z37>0,Z37,IF(AB37>0,AB37,0))),IF(C37="peso_corporal",IF(ISNUMBER(E37),E37,0)+F37,F37)*(1+G37/30),IF(C37="peso_corporal",IF(ISNUMBER(E37),E37,0)+I37,I37)*(1+J37/30),IF(C37="peso_corporal",IF(ISNUMBER(E37),E37,0)+L37,L37)*(1+M37/30),IF(C37="peso_corporal",IF(ISNUMBER(E37),E37,0)+O37,O37)*(1+P37/30),IF(C37="peso_corporal",IF(ISNUMBER(E37),E37,0)+R37,R37)*(1+S37/30)),1)),"--") -> -- | V37: =IF(SUGERENCIAS!N68="SIN","Sin datos anteriores",IF(SUGERENCIAS!N68="SUBIR_F","^ SUBIR FUERTE | Kg:"&ROUND(SUGERENCIAS!K68,1)&" R:"&ROUND(SUGERENCIAS!L68,0)&" RIR:"&ROUND(SUGERENCIAS!M68,0),IF(SUGERENCIAS!N68="SUBIR_E","^ SUBIR (Est.) | Kg:"&ROUND(SUGERENCIAS!K68,1)&" R:"&ROUND(SUGERENCIAS!L68,0)&" RIR:"&ROUND(SUGERENCIAS!M68,0),IF(SUGERENCIAS!N68="SUBIR","^ SUBIR | Kg:"&ROUND(SUGERENCIAS!K68,1)&" R:"&ROUND(SUGERENCIAS!L68,0)&" RIR:"&ROUND(SUGERENCIAS!M68,0),IF(SUGERENCIAS!N68="BAJAR","v BAJAR | Kg:"&ROUND(SUGERENCIAS!K68,1)&" R:"&ROUND(SUGERENCIAS!L68,0)&" RIR:"&ROUND(SUGERENCIAS!M68,0),"= MANT | Kg:"&ROUND(SUGERENCIAS!K68,1)&" R:"&ROUND(SUGERENCIAS!L68,0)&" RIR:"&ROUND(SUGERENCIAS!M68,0)))))) -> Sin datos anteriores | W37: =MAX(IF((G37>0)*(IF(H37="",-1,H37)>=1)*(IF(H37="",-1,H37)<=3),IF(C37="peso_corporal",IF(ISNUMBER(E37),E37,0)+F37,F37)*G37*1000+F37,0),IF((J37>0)*(IF(K37="",-1,K37)>=1)*(IF(K37="",-1,K37)<=3),IF(C37="peso_corporal",IF(ISNUMBER(E37),E37,0)+I37,I37)*J37*1000+I37,0),IF((M37>0)*(IF(N37="",-1,N37)>=1)*(IF(N37="",-1,N37)<=3),IF(C37="peso_corporal",IF(ISNUMBER(E37),E37,0)+L37,L37)*M37*1000+L37,0),IF((P37>0)*(IF(Q37="",-1,Q37)>=1)*(IF(Q37="",-1,Q37)<=3),IF(C37="peso_corporal",IF(ISNUMBER(E37),E37,0)+O37,O37)*P37*1000+O37,0),IF((S37>0)*(IF(T37="",-1,T37)>=1)*(IF(T37="",-1,T37)<=3),IF(C37="peso_corporal",IF(ISNUMBER(E37),E37,0)+R37,R37)*S37*1000+R37,0)) -> 0 | X37: =IF(W37=0,0,IF(IF((S37>0)*(IF(T37="",-1,T37)>=1)*(IF(T37="",-1,T37)<=3),IF(C37="peso_corporal",IF(ISNUMBER(E37),E37,0)+R37,R37)*S37*1000+R37,0)=W37,5,IF(IF((P37>0)*(IF(Q37="",-1,Q37)>=1)*(IF(Q37="",-1,Q37)<=3),IF(C37="peso_corporal",IF(ISNUMBER(E37),E37,0)+O37,O37)*P37*1000+O37,0)=W37,4,IF(IF((M37>0)*(IF(N37="",-1,N37)>=1)*(IF(N37="",-1,N37)<=3),IF(C37="peso_corporal",IF(ISNUMBER(E37),E37,0)+L37,L37)*M37*1000+L37,0)=W37,3,IF(IF((J37>0)*(IF(K37="",-1,K37)>=1)*(IF(K37="",-1,K37)<=3),IF(C37="peso_corporal",IF(ISNUMBER(E37),E37,0)+I37,I37)*J37*1000+I37,0)=W37,2,IF(IF((G37>0)*(IF(H37="",-1,H37)>=1)*(IF(H37="",-1,H37)<=3),IF(C37="peso_corporal",IF(ISNUMBER(E37),E37,0)+F37,F37)*G37*1000+F37,0)=W37,1,0)))))) -> 0 | Y37: =MAX(IF((G37>0)*(IF(H37="",-1,H37)=0)*(1-(IF(H37="",-1,H37)>=1)*(IF(H37="",-1,H37)<=3)),IF(C37="peso_corporal",IF(ISNUMBER(E37),E37,0)+F37,F37)*G37*1000+F37,0),IF((J37>0)*(IF(K37="",-1,K37)=0)*(1-(IF(K37="",-1,K37)>=1)*(IF(K37="",-1,K37)<=3)),IF(C37="peso_corporal",IF(ISNUMBER(E37),E37,0)+I37,I37)*J37*1000+I37,0),IF((M37>0)*(IF(N37="",-1,N37)=0)*(1-(IF(N37="",-1,N37)>=1)*(IF(N37="",-1,N37)<=3)),IF(C37="peso_corporal",IF(ISNUMBER(E37),E37,0)+L37,L37)*M37*1000+L37,0),IF((P37>0)*(IF(Q37="",-1,Q37)=0)*(1-(IF(Q37="",-1,Q37)>=1)*(IF(Q37="",-1,Q37)<=3)),IF(C37="peso_corporal",IF(ISNUMBER(E37),E37,0)+O37,O37)*P37*1000+O37,0),IF((S37>0)*(IF(T37="",-1,T37)=0)*(1-(IF(T37="",-1,T37)>=1)*(IF(T37="",-1,T37)<=3)),IF(C37="peso_corporal",IF(ISNUMBER(E37),E37,0)+R37,R37)*S37*1000+R37,0)) -> 0 | Z37: =IF(Y37=0,0,IF(IF((S37>0)*(IF(T37="",-1,T37)=0)*(1-(IF(T37="",-1,T37)>=1)*(IF(T37="",-1,T37)<=3)),IF(C37="peso_corporal",IF(ISNUMBER(E37),E37,0)+R37,R37)*S37*1000+R37,0)=Y37,5,IF(IF((P37>0)*(IF(Q37="",-1,Q37)=0)*(1-(IF(Q37="",-1,Q37)>=1)*(IF(Q37="",-1,Q37)<=3)),IF(C37="peso_corporal",IF(ISNUMBER(E37),E37,0)+O37,O37)*P37*1000+O37,0)=Y37,4,IF(IF((M37>0)*(IF(N37="",-1,N37)=0)*(1-(IF(N37="",-1,N37)>=1)*(IF(N37="",-1,N37)<=3)),IF(C37="peso_corporal",IF(ISNUMBER(E37),E37,0)+L37,L37)*M37*1000+L37,0)=Y37,3,IF(IF((J37>0)*(IF(K37="",-1,K37)=0)*(1-(IF(K37="",-1,K37)>=1)*(IF(K37="",-1,K37)<=3)),IF(C37="peso_corporal",IF(ISNUMBER(E37),E37,0)+I37,I37)*J37*1000+I37,0)=Y37,2,IF(IF((G37>0)*(IF(H37="",-1,H37)=0)*(1-(IF(H37="",-1,H37)>=1)*(IF(H37="",-1,H37)<=3)),IF(C37="peso_corporal",IF(ISNUMBER(E37),E37,0)+F37,F37)*G37*1000+F37,0)=Y37,1,0)))))) -> 0 | AA37: =MAX(IF((G37>=6)*(1-(IF(H37="",-1,H37)>=1)*(IF(H37="",-1,H37)<=3))*(1-(IF(H37="",-1,H37)=0)),IF(C37="peso_corporal",IF(ISNUMBER(E37),E37,0)+F37,F37)*(30+G37)*100+F37,0),IF((J37>=6)*(1-(IF(K37="",-1,K37)>=1)*(IF(K37="",-1,K37)<=3))*(1-(IF(K37="",-1,K37)=0)),IF(C37="peso_corporal",IF(ISNUMBER(E37),E37,0)+I37,I37)*(30+J37)*100+I37,0),IF((M37>=6)*(1-(IF(N37="",-1,N37)>=1)*(IF(N37="",-1,N37)<=3))*(1-(IF(N37="",-1,N37)=0)),IF(C37="peso_corporal",IF(ISNUMBER(E37),E37,0)+L37,L37)*(30+M37)*100+L37,0),IF((P37>=6)*(1-(IF(Q37="",-1,Q37)>=1)*(IF(Q37="",-1,Q37)<=3))*(1-(IF(Q37="",-1,Q37)=0)),IF(C37="peso_corporal",IF(ISNUMBER(E37),E37,0)+O37,O37)*(30+P37)*100+O37,0),IF((S37>=6)*(1-(IF(T37="",-1,T37)>=1)*(IF(T37="",-1,T37)<=3))*(1-(IF(T37="",-1,T37)=0)),IF(C37="peso_corporal",IF(ISNUMBER(E37),E37,0)+R37,R37)*(30+S37)*100+R37,0)) -> 0 | AB37: =IF(AA37=0,0,IF(IF((S37>=6)*(1-(IF(T37="",-1,T37)>=1)*(IF(T37="",-1,T37)<=3))*(1-(IF(T37="",-1,T37)=0)),IF(C37="peso_corporal",IF(ISNUMBER(E37),E37,0)+R37,R37)*(30+S37)*100+R37,0)=AA37,5,IF(IF((P37>=6)*(1-(IF(Q37="",-1,Q37)>=1)*(IF(Q37="",-1,Q37)<=3))*(1-(IF(Q37="",-1,Q37)=0)),IF(C37="peso_corporal",IF(ISNUMBER(E37),E37,0)+O37,O37)*(30+P37)*100+O37,0)=AA37,4,IF(IF((M37>=6)*(1-(IF(N37="",-1,N37)>=1)*(IF(N37="",-1,N37)<=3))*(1-(IF(N37="",-1,N37)=0)),IF(C37="peso_corporal",IF(ISNUMBER(E37),E37,0)+L37,L37)*(30+M37)*100+L37,0)=AA37,3,IF(IF((J37>=6)*(1-(IF(K37="",-1,K37)>=1)*(IF(K37="",-1,K37)<=3))*(1-(IF(K37="",-1,K37)=0)),IF(C37="peso_corporal",IF(ISNUMBER(E37),E37,0)+I37,I37)*(30+J37)*100+I37,0)=AA37,2,IF(IF((G37>=6)*(1-(IF(H37="",-1,H37)>=1)*(IF(H37="",-1,H37)<=3))*(1-(IF(H37="",-1,H37)=0)),IF(C37="peso_corporal",IF(ISNUMBER(E37),E37,0)+F37,F37)*(30+G37)*100+F37,0)=AA37,1,0)))))) -> 0 | AC37: =IF(X37>0,"A"&X37,IF(Z37>0,"B"&Z37,IF(AB37>0,"C"&AB37,"")))
A38: · Bajo
A39: Fondos | B39: Paralelas | C39: =IFERROR(INDEX(EJERCICIOS!$D$3:$D$75,MATCH(A39&"|"&B39,EJERCICIOS!$G$3:$G$75,0)),"--") -> peso_corporal | D39: 3 | E39: =IFERROR(LOOKUP(2,1/(MEDIDAS_Y_PESO!$B$3:$B$4<>""),MEDIDAS_Y_PESO!$B$3:$B$4),"--") -> 80 | U39: =IFERROR(IF(IF(X39>0,X39,IF(Z39>0,Z39,IF(AB39>0,AB39,0)))=0,"--",ROUND(CHOOSE(IF(X39>0,X39,IF(Z39>0,Z39,IF(AB39>0,AB39,0))),IF(C39="peso_corporal",IF(ISNUMBER(E39),E39,0)+F39,F39)*(1+G39/30),IF(C39="peso_corporal",IF(ISNUMBER(E39),E39,0)+I39,I39)*(1+J39/30),IF(C39="peso_corporal",IF(ISNUMBER(E39),E39,0)+L39,L39)*(1+M39/30),IF(C39="peso_corporal",IF(ISNUMBER(E39),E39,0)+O39,O39)*(1+P39/30),IF(C39="peso_corporal",IF(ISNUMBER(E39),E39,0)+R39,R39)*(1+S39/30)),1)),"--") -> -- | V39: =IF(SUGERENCIAS!N69="SIN","Sin datos anteriores",IF(SUGERENCIAS!N69="SUBIR_F","^ SUBIR FUERTE | Kg:"&ROUND(SUGERENCIAS!K69,1)&" R:"&ROUND(SUGERENCIAS!L69,0)&" RIR:"&ROUND(SUGERENCIAS!M69,0),IF(SUGERENCIAS!N69="SUBIR_E","^ SUBIR (Est.) | Kg:"&ROUND(SUGERENCIAS!K69,1)&" R:"&ROUND(SUGERENCIAS!L69,0)&" RIR:"&ROUND(SUGERENCIAS!M69,0),IF(SUGERENCIAS!N69="SUBIR","^ SUBIR | Kg:"&ROUND(SUGERENCIAS!K69,1)&" R:"&ROUND(SUGERENCIAS!L69,0)&" RIR:"&ROUND(SUGERENCIAS!M69,0),IF(SUGERENCIAS!N69="BAJAR","v BAJAR | Kg:"&ROUND(SUGERENCIAS!K69,1)&" R:"&ROUND(SUGERENCIAS!L69,0)&" RIR:"&ROUND(SUGERENCIAS!M69,0),"= MANT | Kg:"&ROUND(SUGERENCIAS!K69,1)&" R:"&ROUND(SUGERENCIAS!L69,0)&" RIR:"&ROUND(SUGERENCIAS!M69,0)))))) -> ^ SUBIR FUERTE | Kg:5 R:6 RIR:2 | W39: =MAX(IF((G39>0)*(IF(H39="",-1,H39)>=1)*(IF(H39="",-1,H39)<=3),IF(C39="peso_corporal",IF(ISNUMBER(E39),E39,0)+F39,F39)*G39*1000+F39,0),IF((J39>0)*(IF(K39="",-1,K39)>=1)*(IF(K39="",-1,K39)<=3),IF(C39="peso_corporal",IF(ISNUMBER(E39),E39,0)+I39,I39)*J39*1000+I39,0),IF((M39>0)*(IF(N39="",-1,N39)>=1)*(IF(N39="",-1,N39)<=3),IF(C39="peso_corporal",IF(ISNUMBER(E39),E39,0)+L39,L39)*M39*1000+L39,0),IF((P39>0)*(IF(Q39="",-1,Q39)>=1)*(IF(Q39="",-1,Q39)<=3),IF(C39="peso_corporal",IF(ISNUMBER(E39),E39,0)+O39,O39)*P39*1000+O39,0),IF((S39>0)*(IF(T39="",-1,T39)>=1)*(IF(T39="",-1,T39)<=3),IF(C39="peso_corporal",IF(ISNUMBER(E39),E39,0)+R39,R39)*S39*1000+R39,0)) -> 0 | X39: =IF(W39=0,0,IF(IF((S39>0)*(IF(T39="",-1,T39)>=1)*(IF(T39="",-1,T39)<=3),IF(C39="peso_corporal",IF(ISNUMBER(E39),E39,0)+R39,R39)*S39*1000+R39,0)=W39,5,IF(IF((P39>0)*(IF(Q39="",-1,Q39)>=1)*(IF(Q39="",-1,Q39)<=3),IF(C39="peso_corporal",IF(ISNUMBER(E39),E39,0)+O39,O39)*P39*1000+O39,0)=W39,4,IF(IF((M39>0)*(IF(N39="",-1,N39)>=1)*(IF(N39="",-1,N39)<=3),IF(C39="peso_corporal",IF(ISNUMBER(E39),E39,0)+L39,L39)*M39*1000+L39,0)=W39,3,IF(IF((J39>0)*(IF(K39="",-1,K39)>=1)*(IF(K39="",-1,K39)<=3),IF(C39="peso_corporal",IF(ISNUMBER(E39),E39,0)+I39,I39)*J39*1000+I39,0)=W39,2,IF(IF((G39>0)*(IF(H39="",-1,H39)>=1)*(IF(H39="",-1,H39)<=3),IF(C39="peso_corporal",IF(ISNUMBER(E39),E39,0)+F39,F39)*G39*1000+F39,0)=W39,1,0)))))) -> 0 | Y39: =MAX(IF((G39>0)*(IF(H39="",-1,H39)=0)*(1-(IF(H39="",-1,H39)>=1)*(IF(H39="",-1,H39)<=3)),IF(C39="peso_corporal",IF(ISNUMBER(E39),E39,0)+F39,F39)*G39*1000+F39,0),IF((J39>0)*(IF(K39="",-1,K39)=0)*(1-(IF(K39="",-1,K39)>=1)*(IF(K39="",-1,K39)<=3)),IF(C39="peso_corporal",IF(ISNUMBER(E39),E39,0)+I39,I39)*J39*1000+I39,0),IF((M39>0)*(IF(N39="",-1,N39)=0)*(1-(IF(N39="",-1,N39)>=1)*(IF(N39="",-1,N39)<=3)),IF(C39="peso_corporal",IF(ISNUMBER(E39),E39,0)+L39,L39)*M39*1000+L39,0),IF((P39>0)*(IF(Q39="",-1,Q39)=0)*(1-(IF(Q39="",-1,Q39)>=1)*(IF(Q39="",-1,Q39)<=3)),IF(C39="peso_corporal",IF(ISNUMBER(E39),E39,0)+O39,O39)*P39*1000+O39,0),IF((S39>0)*(IF(T39="",-1,T39)=0)*(1-(IF(T39="",-1,T39)>=1)*(IF(T39="",-1,T39)<=3)),IF(C39="peso_corporal",IF(ISNUMBER(E39),E39,0)+R39,R39)*S39*1000+R39,0)) -> 0 | Z39: =IF(Y39=0,0,IF(IF((S39>0)*(IF(T39="",-1,T39)=0)*(1-(IF(T39="",-1,T39)>=1)*(IF(T39="",-1,T39)<=3)),IF(C39="peso_corporal",IF(ISNUMBER(E39),E39,0)+R39,R39)*S39*1000+R39,0)=Y39,5,IF(IF((P39>0)*(IF(Q39="",-1,Q39)=0)*(1-(IF(Q39="",-1,Q39)>=1)*(IF(Q39="",-1,Q39)<=3)),IF(C39="peso_corporal",IF(ISNUMBER(E39),E39,0)+O39,O39)*P39*1000+O39,0)=Y39,4,IF(IF((M39>0)*(IF(N39="",-1,N39)=0)*(1-(IF(N39="",-1,N39)>=1)*(IF(N39="",-1,N39)<=3)),IF(C39="peso_corporal",IF(ISNUMBER(E39),E39,0)+L39,L39)*M39*1000+L39,0)=Y39,3,IF(IF((J39>0)*(IF(K39="",-1,K39)=0)*(1-(IF(K39="",-1,K39)>=1)*(IF(K39="",-1,K39)<=3)),IF(C39="peso_corporal",IF(ISNUMBER(E39),E39,0)+I39,I39)*J39*1000+I39,0)=Y39,2,IF(IF((G39>0)*(IF(H39="",-1,H39)=0)*(1-(IF(H39="",-1,H39)>=1)*(IF(H39="",-1,H39)<=3)),IF(C39="peso_corporal",IF(ISNUMBER(E39),E39,0)+F39,F39)*G39*1000+F39,0)=Y39,1,0)))))) -> 0 | AA39: =MAX(IF((G39>=6)*(1-(IF(H39="",-1,H39)>=1)*(IF(H39="",-1,H39)<=3))*(1-(IF(H39="",-1,H39)=0)),IF(C39="peso_corporal",IF(ISNUMBER(E39),E39,0)+F39,F39)*(30+G39)*100+F39,0),IF((J39>=6)*(1-(IF(K39="",-1,K39)>=1)*(IF(K39="",-1,K39)<=3))*(1-(IF(K39="",-1,K39)=0)),IF(C39="peso_corporal",IF(ISNUMBER(E39),E39,0)+I39,I39)*(30+J39)*100+I39,0),IF((M39>=6)*(1-(IF(N39="",-1,N39)>=1)*(IF(N39="",-1,N39)<=3))*(1-(IF(N39="",-1,N39)=0)),IF(C39="peso_corporal",IF(ISNUMBER(E39),E39,0)+L39,L39)*(30+M39)*100+L39,0),IF((P39>=6)*(1-(IF(Q39="",-1,Q39)>=1)*(IF(Q39="",-1,Q39)<=3))*(1-(IF(Q39="",-1,Q39)=0)),IF(C39="peso_corporal",IF(ISNUMBER(E39),E39,0)+O39,O39)*(30+P39)*100+O39,0),IF((S39>=6)*(1-(IF(T39="",-1,T39)>=1)*(IF(T39="",-1,T39)<=3))*(1-(IF(T39="",-1,T39)=0)),IF(C39="peso_corporal",IF(ISNUMBER(E39),E39,0)+R39,R39)*(30+S39)*100+R39,0)) -> 0 | AB39: =IF(AA39=0,0,IF(IF((S39>=6)*(1-(IF(T39="",-1,T39)>=1)*(IF(T39="",-1,T39)<=3))*(1-(IF(T39="",-1,T39)=0)),IF(C39="peso_corporal",IF(ISNUMBER(E39),E39,0)+R39,R39)*(30+S39)*100+R39,0)=AA39,5,IF(IF((P39>=6)*(1-(IF(Q39="",-1,Q39)>=1)*(IF(Q39="",-1,Q39)<=3))*(1-(IF(Q39="",-1,Q39)=0)),IF(C39="peso_corporal",IF(ISNUMBER(E39),E39,0)+O39,O39)*(30+P39)*100+O39,0)=AA39,4,IF(IF((M39>=6)*(1-(IF(N39="",-1,N39)>=1)*(IF(N39="",-1,N39)<=3))*(1-(IF(N39="",-1,N39)=0)),IF(C39="peso_corporal",IF(ISNUMBER(E39),E39,0)+L39,L39)*(30+M39)*100+L39,0)=AA39,3,IF(IF((J39>=6)*(1-(IF(K39="",-1,K39)>=1)*(IF(K39="",-1,K39)<=3))*(1-(IF(K39="",-1,K39)=0)),IF(C39="peso_corporal",IF(ISNUMBER(E39),E39,0)+I39,I39)*(30+J39)*100+I39,0)=AA39,2,IF(IF((G39>=6)*(1-(IF(H39="",-1,H39)>=1)*(IF(H39="",-1,H39)<=3))*(1-(IF(H39="",-1,H39)=0)),IF(C39="peso_corporal",IF(ISNUMBER(E39),E39,0)+F39,F39)*(30+G39)*100+F39,0)=AA39,1,0)))))) -> 0 | AC39: =IF(X39>0,"A"&X39,IF(Z39>0,"B"&Z39,IF(AB39>0,"C"&AB39,"")))
A40: Aperturas | B40: Polea Baja Crossover | C40: =IFERROR(INDEX(EJERCICIOS!$D$3:$D$75,MATCH(A40&"|"&B40,EJERCICIOS!$G$3:$G$75,0)),"--") -> -- | D40: 3 | E40: =IFERROR(LOOKUP(2,1/(MEDIDAS_Y_PESO!$B$3:$B$4<>""),MEDIDAS_Y_PESO!$B$3:$B$4),"--") -> 80 | U40: =IFERROR(IF(IF(X40>0,X40,IF(Z40>0,Z40,IF(AB40>0,AB40,0)))=0,"--",ROUND(CHOOSE(IF(X40>0,X40,IF(Z40>0,Z40,IF(AB40>0,AB40,0))),IF(C40="peso_corporal",IF(ISNUMBER(E40),E40,0)+F40,F40)*(1+G40/30),IF(C40="peso_corporal",IF(ISNUMBER(E40),E40,0)+I40,I40)*(1+J40/30),IF(C40="peso_corporal",IF(ISNUMBER(E40),E40,0)+L40,L40)*(1+M40/30),IF(C40="peso_corporal",IF(ISNUMBER(E40),E40,0)+O40,O40)*(1+P40/30),IF(C40="peso_corporal",IF(ISNUMBER(E40),E40,0)+R40,R40)*(1+S40/30)),1)),"--") -> -- | V40: =IF(SUGERENCIAS!N70="SIN","Sin datos anteriores",IF(SUGERENCIAS!N70="SUBIR_F","^ SUBIR FUERTE | Kg:"&ROUND(SUGERENCIAS!K70,1)&" R:"&ROUND(SUGERENCIAS!L70,0)&" RIR:"&ROUND(SUGERENCIAS!M70,0),IF(SUGERENCIAS!N70="SUBIR_E","^ SUBIR (Est.) | Kg:"&ROUND(SUGERENCIAS!K70,1)&" R:"&ROUND(SUGERENCIAS!L70,0)&" RIR:"&ROUND(SUGERENCIAS!M70,0),IF(SUGERENCIAS!N70="SUBIR","^ SUBIR | Kg:"&ROUND(SUGERENCIAS!K70,1)&" R:"&ROUND(SUGERENCIAS!L70,0)&" RIR:"&ROUND(SUGERENCIAS!M70,0),IF(SUGERENCIAS!N70="BAJAR","v BAJAR | Kg:"&ROUND(SUGERENCIAS!K70,1)&" R:"&ROUND(SUGERENCIAS!L70,0)&" RIR:"&ROUND(SUGERENCIAS!M70,0),"= MANT | Kg:"&ROUND(SUGERENCIAS!K70,1)&" R:"&ROUND(SUGERENCIAS!L70,0)&" RIR:"&ROUND(SUGERENCIAS!M70,0)))))) -> Sin datos anteriores | W40: =MAX(IF((G40>0)*(IF(H40="",-1,H40)>=1)*(IF(H40="",-1,H40)<=3),IF(C40="peso_corporal",IF(ISNUMBER(E40),E40,0)+F40,F40)*G40*1000+F40,0),IF((J40>0)*(IF(K40="",-1,K40)>=1)*(IF(K40="",-1,K40)<=3),IF(C40="peso_corporal",IF(ISNUMBER(E40),E40,0)+I40,I40)*J40*1000+I40,0),IF((M40>0)*(IF(N40="",-1,N40)>=1)*(IF(N40="",-1,N40)<=3),IF(C40="peso_corporal",IF(ISNUMBER(E40),E40,0)+L40,L40)*M40*1000+L40,0),IF((P40>0)*(IF(Q40="",-1,Q40)>=1)*(IF(Q40="",-1,Q40)<=3),IF(C40="peso_corporal",IF(ISNUMBER(E40),E40,0)+O40,O40)*P40*1000+O40,0),IF((S40>0)*(IF(T40="",-1,T40)>=1)*(IF(T40="",-1,T40)<=3),IF(C40="peso_corporal",IF(ISNUMBER(E40),E40,0)+R40,R40)*S40*1000+R40,0)) -> 0 | X40: =IF(W40=0,0,IF(IF((S40>0)*(IF(T40="",-1,T40)>=1)*(IF(T40="",-1,T40)<=3),IF(C40="peso_corporal",IF(ISNUMBER(E40),E40,0)+R40,R40)*S40*1000+R40,0)=W40,5,IF(IF((P40>0)*(IF(Q40="",-1,Q40)>=1)*(IF(Q40="",-1,Q40)<=3),IF(C40="peso_corporal",IF(ISNUMBER(E40),E40,0)+O40,O40)*P40*1000+O40,0)=W40,4,IF(IF((M40>0)*(IF(N40="",-1,N40)>=1)*(IF(N40="",-1,N40)<=3),IF(C40="peso_corporal",IF(ISNUMBER(E40),E40,0)+L40,L40)*M40*1000+L40,0)=W40,3,IF(IF((J40>0)*(IF(K40="",-1,K40)>=1)*(IF(K40="",-1,K40)<=3),IF(C40="peso_corporal",IF(ISNUMBER(E40),E40,0)+I40,I40)*J40*1000+I40,0)=W40,2,IF(IF((G40>0)*(IF(H40="",-1,H40)>=1)*(IF(H40="",-1,H40)<=3),IF(C40="peso_corporal",IF(ISNUMBER(E40),E40,0)+F40,F40)*G40*1000+F40,0)=W40,1,0)))))) -> 0 | Y40: =MAX(IF((G40>0)*(IF(H40="",-1,H40)=0)*(1-(IF(H40="",-1,H40)>=1)*(IF(H40="",-1,H40)<=3)),IF(C40="peso_corporal",IF(ISNUMBER(E40),E40,0)+F40,F40)*G40*1000+F40,0),IF((J40>0)*(IF(K40="",-1,K40)=0)*(1-(IF(K40="",-1,K40)>=1)*(IF(K40="",-1,K40)<=3)),IF(C40="peso_corporal",IF(ISNUMBER(E40),E40,0)+I40,I40)*J40*1000+I40,0),IF((M40>0)*(IF(N40="",-1,N40)=0)*(1-(IF(N40="",-1,N40)>=1)*(IF(N40="",-1,N40)<=3)),IF(C40="peso_corporal",IF(ISNUMBER(E40),E40,0)+L40,L40)*M40*1000+L40,0),IF((P40>0)*(IF(Q40="",-1,Q40)=0)*(1-(IF(Q40="",-1,Q40)>=1)*(IF(Q40="",-1,Q40)<=3)),IF(C40="peso_corporal",IF(ISNUMBER(E40),E40,0)+O40,O40)*P40*1000+O40,0),IF((S40>0)*(IF(T40="",-1,T40)=0)*(1-(IF(T40="",-1,T40)>=1)*(IF(T40="",-1,T40)<=3)),IF(C40="peso_corporal",IF(ISNUMBER(E40),E40,0)+R40,R40)*S40*1000+R40,0)) -> 0 | Z40: =IF(Y40=0,0,IF(IF((S40>0)*(IF(T40="",-1,T40)=0)*(1-(IF(T40="",-1,T40)>=1)*(IF(T40="",-1,T40)<=3)),IF(C40="peso_corporal",IF(ISNUMBER(E40),E40,0)+R40,R40)*S40*1000+R40,0)=Y40,5,IF(IF((P40>0)*(IF(Q40="",-1,Q40)=0)*(1-(IF(Q40="",-1,Q40)>=1)*(IF(Q40="",-1,Q40)<=3)),IF(C40="peso_corporal",IF(ISNUMBER(E40),E40,0)+O40,O40)*P40*1000+O40,0)=Y40,4,IF(IF((M40>0)*(IF(N40="",-1,N40)=0)*(1-(IF(N40="",-1,N40)>=1)*(IF(N40="",-1,N40)<=3)),IF(C40="peso_corporal",IF(ISNUMBER(E40),E40,0)+L40,L40)*M40*1000+L40,0)=Y40,3,IF(IF((J40>0)*(IF(K40="",-1,K40)=0)*(1-(IF(K40="",-1,K40)>=1)*(IF(K40="",-1,K40)<=3)),IF(C40="peso_corporal",IF(ISNUMBER(E40),E40,0)+I40,I40)*J40*1000+I40,0)=Y40,2,IF(IF((G40>0)*(IF(H40="",-1,H40)=0)*(1-(IF(H40="",-1,H40)>=1)*(IF(H40="",-1,H40)<=3)),IF(C40="peso_corporal",IF(ISNUMBER(E40),E40,0)+F40,F40)*G40*1000+F40,0)=Y40,1,0)))))) -> 0 | AA40: =MAX(IF((G40>=6)*(1-(IF(H40="",-1,H40)>=1)*(IF(H40="",-1,H40)<=3))*(1-(IF(H40="",-1,H40)=0)),IF(C40="peso_corporal",IF(ISNUMBER(E40),E40,0)+F40,F40)*(30+G40)*100+F40,0),IF((J40>=6)*(1-(IF(K40="",-1,K40)>=1)*(IF(K40="",-1,K40)<=3))*(1-(IF(K40="",-1,K40)=0)),IF(C40="peso_corporal",IF(ISNUMBER(E40),E40,0)+I40,I40)*(30+J40)*100+I40,0),IF((M40>=6)*(1-(IF(N40="",-1,N40)>=1)*(IF(N40="",-1,N40)<=3))*(1-(IF(N40="",-1,N40)=0)),IF(C40="peso_corporal",IF(ISNUMBER(E40),E40,0)+L40,L40)*(30+M40)*100+L40,0),IF((P40>=6)*(1-(IF(Q40="",-1,Q40)>=1)*(IF(Q40="",-1,Q40)<=3))*(1-(IF(Q40="",-1,Q40)=0)),IF(C40="peso_corporal",IF(ISNUMBER(E40),E40,0)+O40,O40)*(30+P40)*100+O40,0),IF((S40>=6)*(1-(IF(T40="",-1,T40)>=1)*(IF(T40="",-1,T40)<=3))*(1-(IF(T40="",-1,T40)=0)),IF(C40="peso_corporal",IF(ISNUMBER(E40),E40,0)+R40,R40)*(30+S40)*100+R40,0)) -> 0 | AB40: =IF(AA40=0,0,IF(IF((S40>=6)*(1-(IF(T40="",-1,T40)>=1)*(IF(T40="",-1,T40)<=3))*(1-(IF(T40="",-1,T40)=0)),IF(C40="peso_corporal",IF(ISNUMBER(E40),E40,0)+R40,R40)*(30+S40)*100+R40,0)=AA40,5,IF(IF((P40>=6)*(1-(IF(Q40="",-1,Q40)>=1)*(IF(Q40="",-1,Q40)<=3))*(1-(IF(Q40="",-1,Q40)=0)),IF(C40="peso_corporal",IF(ISNUMBER(E40),E40,0)+O40,O40)*(30+P40)*100+O40,0)=AA40,4,IF(IF((M40>=6)*(1-(IF(N40="",-1,N40)>=1)*(IF(N40="",-1,N40)<=3))*(1-(IF(N40="",-1,N40)=0)),IF(C40="peso_corporal",IF(ISNUMBER(E40),E40,0)+L40,L40)*(30+M40)*100+L40,0)=AA40,3,IF(IF((J40>=6)*(1-(IF(K40="",-1,K40)>=1)*(IF(K40="",-1,K40)<=3))*(1-(IF(K40="",-1,K40)=0)),IF(C40="peso_corporal",IF(ISNUMBER(E40),E40,0)+I40,I40)*(30+J40)*100+I40,0)=AA40,2,IF(IF((G40>=6)*(1-(IF(H40="",-1,H40)>=1)*(IF(H40="",-1,H40)<=3))*(1-(IF(H40="",-1,H40)=0)),IF(C40="peso_corporal",IF(ISNUMBER(E40),E40,0)+F40,F40)*(30+G40)*100+F40,0)=AA40,1,0)))))) -> 0 | AC40: =IF(X40>0,"A"&X40,IF(Z40>0,"B"&Z40,IF(AB40>0,"C"&AB40,"")))
A41: Aperturas | B41: Pec Deck Maquina | C41: =IFERROR(INDEX(EJERCICIOS!$D$3:$D$75,MATCH(A41&"|"&B41,EJERCICIOS!$G$3:$G$75,0)),"--") -> -- | D41: 3 | E41: =IFERROR(LOOKUP(2,1/(MEDIDAS_Y_PESO!$B$3:$B$4<>""),MEDIDAS_Y_PESO!$B$3:$B$4),"--") -> 80 | U41: =IFERROR(IF(IF(X41>0,X41,IF(Z41>0,Z41,IF(AB41>0,AB41,0)))=0,"--",ROUND(CHOOSE(IF(X41>0,X41,IF(Z41>0,Z41,IF(AB41>0,AB41,0))),IF(C41="peso_corporal",IF(ISNUMBER(E41),E41,0)+F41,F41)*(1+G41/30),IF(C41="peso_corporal",IF(ISNUMBER(E41),E41,0)+I41,I41)*(1+J41/30),IF(C41="peso_corporal",IF(ISNUMBER(E41),E41,0)+L41,L41)*(1+M41/30),IF(C41="peso_corporal",IF(ISNUMBER(E41),E41,0)+O41,O41)*(1+P41/30),IF(C41="peso_corporal",IF(ISNUMBER(E41),E41,0)+R41,R41)*(1+S41/30)),1)),"--") -> -- | V41: =IF(SUGERENCIAS!N71="SIN","Sin datos anteriores",IF(SUGERENCIAS!N71="SUBIR_F","^ SUBIR FUERTE | Kg:"&ROUND(SUGERENCIAS!K71,1)&" R:"&ROUND(SUGERENCIAS!L71,0)&" RIR:"&ROUND(SUGERENCIAS!M71,0),IF(SUGERENCIAS!N71="SUBIR_E","^ SUBIR (Est.) | Kg:"&ROUND(SUGERENCIAS!K71,1)&" R:"&ROUND(SUGERENCIAS!L71,0)&" RIR:"&ROUND(SUGERENCIAS!M71,0),IF(SUGERENCIAS!N71="SUBIR","^ SUBIR | Kg:"&ROUND(SUGERENCIAS!K71,1)&" R:"&ROUND(SUGERENCIAS!L71,0)&" RIR:"&ROUND(SUGERENCIAS!M71,0),IF(SUGERENCIAS!N71="BAJAR","v BAJAR | Kg:"&ROUND(SUGERENCIAS!K71,1)&" R:"&ROUND(SUGERENCIAS!L71,0)&" RIR:"&ROUND(SUGERENCIAS!M71,0),"= MANT | Kg:"&ROUND(SUGERENCIAS!K71,1)&" R:"&ROUND(SUGERENCIAS!L71,0)&" RIR:"&ROUND(SUGERENCIAS!M71,0)))))) -> Sin datos anteriores | W41: =MAX(IF((G41>0)*(IF(H41="",-1,H41)>=1)*(IF(H41="",-1,H41)<=3),IF(C41="peso_corporal",IF(ISNUMBER(E41),E41,0)+F41,F41)*G41*1000+F41,0),IF((J41>0)*(IF(K41="",-1,K41)>=1)*(IF(K41="",-1,K41)<=3),IF(C41="peso_corporal",IF(ISNUMBER(E41),E41,0)+I41,I41)*J41*1000+I41,0),IF((M41>0)*(IF(N41="",-1,N41)>=1)*(IF(N41="",-1,N41)<=3),IF(C41="peso_corporal",IF(ISNUMBER(E41),E41,0)+L41,L41)*M41*1000+L41,0),IF((P41>0)*(IF(Q41="",-1,Q41)>=1)*(IF(Q41="",-1,Q41)<=3),IF(C41="peso_corporal",IF(ISNUMBER(E41),E41,0)+O41,O41)*P41*1000+O41,0),IF((S41>0)*(IF(T41="",-1,T41)>=1)*(IF(T41="",-1,T41)<=3),IF(C41="peso_corporal",IF(ISNUMBER(E41),E41,0)+R41,R41)*S41*1000+R41,0)) -> 0 | X41: =IF(W41=0,0,IF(IF((S41>0)*(IF(T41="",-1,T41)>=1)*(IF(T41="",-1,T41)<=3),IF(C41="peso_corporal",IF(ISNUMBER(E41),E41,0)+R41,R41)*S41*1000+R41,0)=W41,5,IF(IF((P41>0)*(IF(Q41="",-1,Q41)>=1)*(IF(Q41="",-1,Q41)<=3),IF(C41="peso_corporal",IF(ISNUMBER(E41),E41,0)+O41,O41)*P41*1000+O41,0)=W41,4,IF(IF((M41>0)*(IF(N41="",-1,N41)>=1)*(IF(N41="",-1,N41)<=3),IF(C41="peso_corporal",IF(ISNUMBER(E41),E41,0)+L41,L41)*M41*1000+L41,0)=W41,3,IF(IF((J41>0)*(IF(K41="",-1,K41)>=1)*(IF(K41="",-1,K41)<=3),IF(C41="peso_corporal",IF(ISNUMBER(E41),E41,0)+I41,I41)*J41*1000+I41,0)=W41,2,IF(IF((G41>0)*(IF(H41="",-1,H41)>=1)*(IF(H41="",-1,H41)<=3),IF(C41="peso_corporal",IF(ISNUMBER(E41),E41,0)+F41,F41)*G41*1000+F41,0)=W41,1,0)))))) -> 0 | Y41: =MAX(IF((G41>0)*(IF(H41="",-1,H41)=0)*(1-(IF(H41="",-1,H41)>=1)*(IF(H41="",-1,H41)<=3)),IF(C41="peso_corporal",IF(ISNUMBER(E41),E41,0)+F41,F41)*G41*1000+F41,0),IF((J41>0)*(IF(K41="",-1,K41)=0)*(1-(IF(K41="",-1,K41)>=1)*(IF(K41="",-1,K41)<=3)),IF(C41="peso_corporal",IF(ISNUMBER(E41),E41,0)+I41,I41)*J41*1000+I41,0),IF((M41>0)*(IF(N41="",-1,N41)=0)*(1-(IF(N41="",-1,N41)>=1)*(IF(N41="",-1,N41)<=3)),IF(C41="peso_corporal",IF(ISNUMBER(E41),E41,0)+L41,L41)*M41*1000+L41,0),IF((P41>0)*(IF(Q41="",-1,Q41)=0)*(1-(IF(Q41="",-1,Q41)>=1)*(IF(Q41="",-1,Q41)<=3)),IF(C41="peso_corporal",IF(ISNUMBER(E41),E41,0)+O41,O41)*P41*1000+O41,0),IF((S41>0)*(IF(T41="",-1,T41)=0)*(1-(IF(T41="",-1,T41)>=1)*(IF(T41="",-1,T41)<=3)),IF(C41="peso_corporal",IF(ISNUMBER(E41),E41,0)+R41,R41)*S41*1000+R41,0)) -> 0 | Z41: =IF(Y41=0,0,IF(IF((S41>0)*(IF(T41="",-1,T41)=0)*(1-(IF(T41="",-1,T41)>=1)*(IF(T41="",-1,T41)<=3)),IF(C41="peso_corporal",IF(ISNUMBER(E41),E41,0)+R41,R41)*S41*1000+R41,0)=Y41,5,IF(IF((P41>0)*(IF(Q41="",-1,Q41)=0)*(1-(IF(Q41="",-1,Q41)>=1)*(IF(Q41="",-1,Q41)<=3)),IF(C41="peso_corporal",IF(ISNUMBER(E41),E41,0)+O41,O41)*P41*1000+O41,0)=Y41,4,IF(IF((M41>0)*(IF(N41="",-1,N41)=0)*(1-(IF(N41="",-1,N41)>=1)*(IF(N41="",-1,N41)<=3)),IF(C41="peso_corporal",IF(ISNUMBER(E41),E41,0)+L41,L41)*M41*1000+L41,0)=Y41,3,IF(IF((J41>0)*(IF(K41="",-1,K41)=0)*(1-(IF(K41="",-1,K41)>=1)*(IF(K41="",-1,K41)<=3)),IF(C41="peso_corporal",IF(ISNUMBER(E41),E41,0)+I41,I41)*J41*1000+I41,0)=Y41,2,IF(IF((G41>0)*(IF(H41="",-1,H41)=0)*(1-(IF(H41="",-1,H41)>=1)*(IF(H41="",-1,H41)<=3)),IF(C41="peso_corporal",IF(ISNUMBER(E41),E41,0)+F41,F41)*G41*1000+F41,0)=Y41,1,0)))))) -> 0 | AA41: =MAX(IF((G41>=6)*(1-(IF(H41="",-1,H41)>=1)*(IF(H41="",-1,H41)<=3))*(1-(IF(H41="",-1,H41)=0)),IF(C41="peso_corporal",IF(ISNUMBER(E41),E41,0)+F41,F41)*(30+G41)*100+F41,0),IF((J41>=6)*(1-(IF(K41="",-1,K41)>=1)*(IF(K41="",-1,K41)<=3))*(1-(IF(K41="",-1,K41)=0)),IF(C41="peso_corporal",IF(ISNUMBER(E41),E41,0)+I41,I41)*(30+J41)*100+I41,0),IF((M41>=6)*(1-(IF(N41="",-1,N41)>=1)*(IF(N41="",-1,N41)<=3))*(1-(IF(N41="",-1,N41)=0)),IF(C41="peso_corporal",IF(ISNUMBER(E41),E41,0)+L41,L41)*(30+M41)*100+L41,0),IF((P41>=6)*(1-(IF(Q41="",-1,Q41)>=1)*(IF(Q41="",-1,Q41)<=3))*(1-(IF(Q41="",-1,Q41)=0)),IF(C41="peso_corporal",IF(ISNUMBER(E41),E41,0)+O41,O41)*(30+P41)*100+O41,0),IF((S41>=6)*(1-(IF(T41="",-1,T41)>=1)*(IF(T41="",-1,T41)<=3))*(1-(IF(T41="",-1,T41)=0)),IF(C41="peso_corporal",IF(ISNUMBER(E41),E41,0)+R41,R41)*(30+S41)*100+R41,0)) -> 0 | AB41: =IF(AA41=0,0,IF(IF((S41>=6)*(1-(IF(T41="",-1,T41)>=1)*(IF(T41="",-1,T41)<=3))*(1-(IF(T41="",-1,T41)=0)),IF(C41="peso_corporal",IF(ISNUMBER(E41),E41,0)+R41,R41)*(30+S41)*100+R41,0)=AA41,5,IF(IF((P41>=6)*(1-(IF(Q41="",-1,Q41)>=1)*(IF(Q41="",-1,Q41)<=3))*(1-(IF(Q41="",-1,Q41)=0)),IF(C41="peso_corporal",IF(ISNUMBER(E41),E41,0)+O41,O41)*(30+P41)*100+O41,0)=AA41,4,IF(IF((M41>=6)*(1-(IF(N41="",-1,N41)>=1)*(IF(N41="",-1,N41)<=3))*(1-(IF(N41="",-1,N41)=0)),IF(C41="peso_corporal",IF(ISNUMBER(E41),E41,0)+L41,L41)*(30+M41)*100+L41,0)=AA41,3,IF(IF((J41>=6)*(1-(IF(K41="",-1,K41)>=1)*(IF(K41="",-1,K41)<=3))*(1-(IF(K41="",-1,K41)=0)),IF(C41="peso_corporal",IF(ISNUMBER(E41),E41,0)+I41,I41)*(30+J41)*100+I41,0)=AA41,2,IF(IF((G41>=6)*(1-(IF(H41="",-1,H41)>=1)*(IF(H41="",-1,H41)<=3))*(1-(IF(H41="",-1,H41)=0)),IF(C41="peso_corporal",IF(ISNUMBER(E41),E41,0)+F41,F41)*(30+G41)*100+F41,0)=AA41,1,0)))))) -> 0 | AC41: =IF(X41>0,"A"&X41,IF(Z41>0,"B"&Z41,IF(AB41>0,"C"&AB41,"")))
A42: — HOMBRO —
A43: Elevaciones Laterales | B43: Cable Polea Individual | C43: =IFERROR(INDEX(EJERCICIOS!$D$3:$D$75,MATCH(A43&"|"&B43,EJERCICIOS!$G$3:$G$75,0)),"--") -> polea | D43: 3 | E43: =IFERROR(LOOKUP(2,1/(MEDIDAS_Y_PESO!$B$3:$B$4<>""),MEDIDAS_Y_PESO!$B$3:$B$4),"--") -> 80 | U43: =IFERROR(IF(IF(X43>0,X43,IF(Z43>0,Z43,IF(AB43>0,AB43,0)))=0,"--",ROUND(CHOOSE(IF(X43>0,X43,IF(Z43>0,Z43,IF(AB43>0,AB43,0))),IF(C43="peso_corporal",IF(ISNUMBER(E43),E43,0)+F43,F43)*(1+G43/30),IF(C43="peso_corporal",IF(ISNUMBER(E43),E43,0)+I43,I43)*(1+J43/30),IF(C43="peso_corporal",IF(ISNUMBER(E43),E43,0)+L43,L43)*(1+M43/30),IF(C43="peso_corporal",IF(ISNUMBER(E43),E43,0)+O43,O43)*(1+P43/30),IF(C43="peso_corporal",IF(ISNUMBER(E43),E43,0)+R43,R43)*(1+S43/30)),1)),"--") -> -- | V43: =IF(SUGERENCIAS!N72="SIN","Sin datos anteriores",IF(SUGERENCIAS!N72="SUBIR_F","^ SUBIR FUERTE | Kg:"&ROUND(SUGERENCIAS!K72,1)&" R:"&ROUND(SUGERENCIAS!L72,0)&" RIR:"&ROUND(SUGERENCIAS!M72,0),IF(SUGERENCIAS!N72="SUBIR_E","^ SUBIR (Est.) | Kg:"&ROUND(SUGERENCIAS!K72,1)&" R:"&ROUND(SUGERENCIAS!L72,0)&" RIR:"&ROUND(SUGERENCIAS!M72,0),IF(SUGERENCIAS!N72="SUBIR","^ SUBIR | Kg:"&ROUND(SUGERENCIAS!K72,1)&" R:"&ROUND(SUGERENCIAS!L72,0)&" RIR:"&ROUND(SUGERENCIAS!M72,0),IF(SUGERENCIAS!N72="BAJAR","v BAJAR | Kg:"&ROUND(SUGERENCIAS!K72,1)&" R:"&ROUND(SUGERENCIAS!L72,0)&" RIR:"&ROUND(SUGERENCIAS!M72,0),"= MANT | Kg:"&ROUND(SUGERENCIAS!K72,1)&" R:"&ROUND(SUGERENCIAS!L72,0)&" RIR:"&ROUND(SUGERENCIAS!M72,0)))))) -> Sin datos anteriores | W43: =MAX(IF((G43>0)*(IF(H43="",-1,H43)>=1)*(IF(H43="",-1,H43)<=3),IF(C43="peso_corporal",IF(ISNUMBER(E43),E43,0)+F43,F43)*G43*1000+F43,0),IF((J43>0)*(IF(K43="",-1,K43)>=1)*(IF(K43="",-1,K43)<=3),IF(C43="peso_corporal",IF(ISNUMBER(E43),E43,0)+I43,I43)*J43*1000+I43,0),IF((M43>0)*(IF(N43="",-1,N43)>=1)*(IF(N43="",-1,N43)<=3),IF(C43="peso_corporal",IF(ISNUMBER(E43),E43,0)+L43,L43)*M43*1000+L43,0),IF((P43>0)*(IF(Q43="",-1,Q43)>=1)*(IF(Q43="",-1,Q43)<=3),IF(C43="peso_corporal",IF(ISNUMBER(E43),E43,0)+O43,O43)*P43*1000+O43,0),IF((S43>0)*(IF(T43="",-1,T43)>=1)*(IF(T43="",-1,T43)<=3),IF(C43="peso_corporal",IF(ISNUMBER(E43),E43,0)+R43,R43)*S43*1000+R43,0)) -> 0 | X43: =IF(W43=0,0,IF(IF((S43>0)*(IF(T43="",-1,T43)>=1)*(IF(T43="",-1,T43)<=3),IF(C43="peso_corporal",IF(ISNUMBER(E43),E43,0)+R43,R43)*S43*1000+R43,0)=W43,5,IF(IF((P43>0)*(IF(Q43="",-1,Q43)>=1)*(IF(Q43="",-1,Q43)<=3),IF(C43="peso_corporal",IF(ISNUMBER(E43),E43,0)+O43,O43)*P43*1000+O43,0)=W43,4,IF(IF((M43>0)*(IF(N43="",-1,N43)>=1)*(IF(N43="",-1,N43)<=3),IF(C43="peso_corporal",IF(ISNUMBER(E43),E43,0)+L43,L43)*M43*1000+L43,0)=W43,3,IF(IF((J43>0)*(IF(K43="",-1,K43)>=1)*(IF(K43="",-1,K43)<=3),IF(C43="peso_corporal",IF(ISNUMBER(E43),E43,0)+I43,I43)*J43*1000+I43,0)=W43,2,IF(IF((G43>0)*(IF(H43="",-1,H43)>=1)*(IF(H43="",-1,H43)<=3),IF(C43="peso_corporal",IF(ISNUMBER(E43),E43,0)+F43,F43)*G43*1000+F43,0)=W43,1,0)))))) -> 0 | Y43: =MAX(IF((G43>0)*(IF(H43="",-1,H43)=0)*(1-(IF(H43="",-1,H43)>=1)*(IF(H43="",-1,H43)<=3)),IF(C43="peso_corporal",IF(ISNUMBER(E43),E43,0)+F43,F43)*G43*1000+F43,0),IF((J43>0)*(IF(K43="",-1,K43)=0)*(1-(IF(K43="",-1,K43)>=1)*(IF(K43="",-1,K43)<=3)),IF(C43="peso_corporal",IF(ISNUMBER(E43),E43,0)+I43,I43)*J43*1000+I43,0),IF((M43>0)*(IF(N43="",-1,N43)=0)*(1-(IF(N43="",-1,N43)>=1)*(IF(N43="",-1,N43)<=3)),IF(C43="peso_corporal",IF(ISNUMBER(E43),E43,0)+L43,L43)*M43*1000+L43,0),IF((P43>0)*(IF(Q43="",-1,Q43)=0)*(1-(IF(Q43="",-1,Q43)>=1)*(IF(Q43="",-1,Q43)<=3)),IF(C43="peso_corporal",IF(ISNUMBER(E43),E43,0)+O43,O43)*P43*1000+O43,0),IF((S43>0)*(IF(T43="",-1,T43)=0)*(1-(IF(T43="",-1,T43)>=1)*(IF(T43="",-1,T43)<=3)),IF(C43="peso_corporal",IF(ISNUMBER(E43),E43,0)+R43,R43)*S43*1000+R43,0)) -> 0 | Z43: =IF(Y43=0,0,IF(IF((S43>0)*(IF(T43="",-1,T43)=0)*(1-(IF(T43="",-1,T43)>=1)*(IF(T43="",-1,T43)<=3)),IF(C43="peso_corporal",IF(ISNUMBER(E43),E43,0)+R43,R43)*S43*1000+R43,0)=Y43,5,IF(IF((P43>0)*(IF(Q43="",-1,Q43)=0)*(1-(IF(Q43="",-1,Q43)>=1)*(IF(Q43="",-1,Q43)<=3)),IF(C43="peso_corporal",IF(ISNUMBER(E43),E43,0)+O43,O43)*P43*1000+O43,0)=Y43,4,IF(IF((M43>0)*(IF(N43="",-1,N43)=0)*(1-(IF(N43="",-1,N43)>=1)*(IF(N43="",-1,N43)<=3)),IF(C43="peso_corporal",IF(ISNUMBER(E43),E43,0)+L43,L43)*M43*1000+L43,0)=Y43,3,IF(IF((J43>0)*(IF(K43="",-1,K43)=0)*(1-(IF(K43="",-1,K43)>=1)*(IF(K43="",-1,K43)<=3)),IF(C43="peso_corporal",IF(ISNUMBER(E43),E43,0)+I43,I43)*J43*1000+I43,0)=Y43,2,IF(IF((G43>0)*(IF(H43="",-1,H43)=0)*(1-(IF(H43="",-1,H43)>=1)*(IF(H43="",-1,H43)<=3)),IF(C43="peso_corporal",IF(ISNUMBER(E43),E43,0)+F43,F43)*G43*1000+F43,0)=Y43,1,0)))))) -> 0 | AA43: =MAX(IF((G43>=6)*(1-(IF(H43="",-1,H43)>=1)*(IF(H43="",-1,H43)<=3))*(1-(IF(H43="",-1,H43)=0)),IF(C43="peso_corporal",IF(ISNUMBER(E43),E43,0)+F43,F43)*(30+G43)*100+F43,0),IF((J43>=6)*(1-(IF(K43="",-1,K43)>=1)*(IF(K43="",-1,K43)<=3))*(1-(IF(K43="",-1,K43)=0)),IF(C43="peso_corporal",IF(ISNUMBER(E43),E43,0)+I43,I43)*(30+J43)*100+I43,0),IF((M43>=6)*(1-(IF(N43="",-1,N43)>=1)*(IF(N43="",-1,N43)<=3))*(1-(IF(N43="",-1,N43)=0)),IF(C43="peso_corporal",IF(ISNUMBER(E43),E43,0)+L43,L43)*(30+M43)*100+L43,0),IF((P43>=6)*(1-(IF(Q43="",-1,Q43)>=1)*(IF(Q43="",-1,Q43)<=3))*(1-(IF(Q43="",-1,Q43)=0)),IF(C43="peso_corporal",IF(ISNUMBER(E43),E43,0)+O43,O43)*(30+P43)*100+O43,0),IF((S43>=6)*(1-(IF(T43="",-1,T43)>=1)*(IF(T43="",-1,T43)<=3))*(1-(IF(T43="",-1,T43)=0)),IF(C43="peso_corporal",IF(ISNUMBER(E43),E43,0)+R43,R43)*(30+S43)*100+R43,0)) -> 0 | AB43: =IF(AA43=0,0,IF(IF((S43>=6)*(1-(IF(T43="",-1,T43)>=1)*(IF(T43="",-1,T43)<=3))*(1-(IF(T43="",-1,T43)=0)),IF(C43="peso_corporal",IF(ISNUMBER(E43),E43,0)+R43,R43)*(30+S43)*100+R43,0)=AA43,5,IF(IF((P43>=6)*(1-(IF(Q43="",-1,Q43)>=1)*(IF(Q43="",-1,Q43)<=3))*(1-(IF(Q43="",-1,Q43)=0)),IF(C43="peso_corporal",IF(ISNUMBER(E43),E43,0)+O43,O43)*(30+P43)*100+O43,0)=AA43,4,IF(IF((M43>=6)*(1-(IF(N43="",-1,N43)>=1)*(IF(N43="",-1,N43)<=3))*(1-(IF(N43="",-1,N43)=0)),IF(C43="peso_corporal",IF(ISNUMBER(E43),E43,0)+L43,L43)*(30+M43)*100+L43,0)=AA43,3,IF(IF((J43>=6)*(1-(IF(K43="",-1,K43)>=1)*(IF(K43="",-1,K43)<=3))*(1-(IF(K43="",-1,K43)=0)),IF(C43="peso_corporal",IF(ISNUMBER(E43),E43,0)+I43,I43)*(30+J43)*100+I43,0)=AA43,2,IF(IF((G43>=6)*(1-(IF(H43="",-1,H43)>=1)*(IF(H43="",-1,H43)<=3))*(1-(IF(H43="",-1,H43)=0)),IF(C43="peso_corporal",IF(ISNUMBER(E43),E43,0)+F43,F43)*(30+G43)*100+F43,0)=AA43,1,0)))))) -> 0 | AC43: =IF(X43>0,"A"&X43,IF(Z43>0,"B"&Z43,IF(AB43>0,"C"&AB43,"")))
A44: Press Militar | B44: Mancuernas Sentado | C44: =IFERROR(INDEX(EJERCICIOS!$D$3:$D$75,MATCH(A44&"|"&B44,EJERCICIOS!$G$3:$G$75,0)),"--") -> mancuerna | D44: 3 | E44: =IFERROR(LOOKUP(2,1/(MEDIDAS_Y_PESO!$B$3:$B$4<>""),MEDIDAS_Y_PESO!$B$3:$B$4),"--") -> 80 | U44: =IFERROR(IF(IF(X44>0,X44,IF(Z44>0,Z44,IF(AB44>0,AB44,0)))=0,"--",ROUND(CHOOSE(IF(X44>0,X44,IF(Z44>0,Z44,IF(AB44>0,AB44,0))),IF(C44="peso_corporal",IF(ISNUMBER(E44),E44,0)+F44,F44)*(1+G44/30),IF(C44="peso_corporal",IF(ISNUMBER(E44),E44,0)+I44,I44)*(1+J44/30),IF(C44="peso_corporal",IF(ISNUMBER(E44),E44,0)+L44,L44)*(1+M44/30),IF(C44="peso_corporal",IF(ISNUMBER(E44),E44,0)+O44,O44)*(1+P44/30),IF(C44="peso_corporal",IF(ISNUMBER(E44),E44,0)+R44,R44)*(1+S44/30)),1)),"--") -> -- | V44: =IF(SUGERENCIAS!N73="SIN","Sin datos anteriores",IF(SUGERENCIAS!N73="SUBIR_F","^ SUBIR FUERTE | Kg:"&ROUND(SUGERENCIAS!K73,1)&" R:"&ROUND(SUGERENCIAS!L73,0)&" RIR:"&ROUND(SUGERENCIAS!M73,0),IF(SUGERENCIAS!N73="SUBIR_E","^ SUBIR (Est.) | Kg:"&ROUND(SUGERENCIAS!K73,1)&" R:"&ROUND(SUGERENCIAS!L73,0)&" RIR:"&ROUND(SUGERENCIAS!M73,0),IF(SUGERENCIAS!N73="SUBIR","^ SUBIR | Kg:"&ROUND(SUGERENCIAS!K73,1)&" R:"&ROUND(SUGERENCIAS!L73,0)&" RIR:"&ROUND(SUGERENCIAS!M73,0),IF(SUGERENCIAS!N73="BAJAR","v BAJAR | Kg:"&ROUND(SUGERENCIAS!K73,1)&" R:"&ROUND(SUGERENCIAS!L73,0)&" RIR:"&ROUND(SUGERENCIAS!M73,0),"= MANT | Kg:"&ROUND(SUGERENCIAS!K73,1)&" R:"&ROUND(SUGERENCIAS!L73,0)&" RIR:"&ROUND(SUGERENCIAS!M73,0)))))) -> Sin datos anteriores | W44: =MAX(IF((G44>0)*(IF(H44="",-1,H44)>=1)*(IF(H44="",-1,H44)<=3),IF(C44="peso_corporal",IF(ISNUMBER(E44),E44,0)+F44,F44)*G44*1000+F44,0),IF((J44>0)*(IF(K44="",-1,K44)>=1)*(IF(K44="",-1,K44)<=3),IF(C44="peso_corporal",IF(ISNUMBER(E44),E44,0)+I44,I44)*J44*1000+I44,0),IF((M44>0)*(IF(N44="",-1,N44)>=1)*(IF(N44="",-1,N44)<=3),IF(C44="peso_corporal",IF(ISNUMBER(E44),E44,0)+L44,L44)*M44*1000+L44,0),IF((P44>0)*(IF(Q44="",-1,Q44)>=1)*(IF(Q44="",-1,Q44)<=3),IF(C44="peso_corporal",IF(ISNUMBER(E44),E44,0)+O44,O44)*P44*1000+O44,0),IF((S44>0)*(IF(T44="",-1,T44)>=1)*(IF(T44="",-1,T44)<=3),IF(C44="peso_corporal",IF(ISNUMBER(E44),E44,0)+R44,R44)*S44*1000+R44,0)) -> 0 | X44: =IF(W44=0,0,IF(IF((S44>0)*(IF(T44="",-1,T44)>=1)*(IF(T44="",-1,T44)<=3),IF(C44="peso_corporal",IF(ISNUMBER(E44),E44,0)+R44,R44)*S44*1000+R44,0)=W44,5,IF(IF((P44>0)*(IF(Q44="",-1,Q44)>=1)*(IF(Q44="",-1,Q44)<=3),IF(C44="peso_corporal",IF(ISNUMBER(E44),E44,0)+O44,O44)*P44*1000+O44,0)=W44,4,IF(IF((M44>0)*(IF(N44="",-1,N44)>=1)*(IF(N44="",-1,N44)<=3),IF(C44="peso_corporal",IF(ISNUMBER(E44),E44,0)+L44,L44)*M44*1000+L44,0)=W44,3,IF(IF((J44>0)*(IF(K44="",-1,K44)>=1)*(IF(K44="",-1,K44)<=3),IF(C44="peso_corporal",IF(ISNUMBER(E44),E44,0)+I44,I44)*J44*1000+I44,0)=W44,2,IF(IF((G44>0)*(IF(H44="",-1,H44)>=1)*(IF(H44="",-1,H44)<=3),IF(C44="peso_corporal",IF(ISNUMBER(E44),E44,0)+F44,F44)*G44*1000+F44,0)=W44,1,0)))))) -> 0 | Y44: =MAX(IF((G44>0)*(IF(H44="",-1,H44)=0)*(1-(IF(H44="",-1,H44)>=1)*(IF(H44="",-1,H44)<=3)),IF(C44="peso_corporal",IF(ISNUMBER(E44),E44,0)+F44,F44)*G44*1000+F44,0),IF((J44>0)*(IF(K44="",-1,K44)=0)*(1-(IF(K44="",-1,K44)>=1)*(IF(K44="",-1,K44)<=3)),IF(C44="peso_corporal",IF(ISNUMBER(E44),E44,0)+I44,I44)*J44*1000+I44,0),IF((M44>0)*(IF(N44="",-1,N44)=0)*(1-(IF(N44="",-1,N44)>=1)*(IF(N44="",-1,N44)<=3)),IF(C44="peso_corporal",IF(ISNUMBER(E44),E44,0)+L44,L44)*M44*1000+L44,0),IF((P44>0)*(IF(Q44="",-1,Q44)=0)*(1-(IF(Q44="",-1,Q44)>=1)*(IF(Q44="",-1,Q44)<=3)),IF(C44="peso_corporal",IF(ISNUMBER(E44),E44,0)+O44,O44)*P44*1000+O44,0),IF((S44>0)*(IF(T44="",-1,T44)=0)*(1-(IF(T44="",-1,T44)>=1)*(IF(T44="",-1,T44)<=3)),IF(C44="peso_corporal",IF(ISNUMBER(E44),E44,0)+R44,R44)*S44*1000+R44,0)) -> 0 | Z44: =IF(Y44=0,0,IF(IF((S44>0)*(IF(T44="",-1,T44)=0)*(1-(IF(T44="",-1,T44)>=1)*(IF(T44="",-1,T44)<=3)),IF(C44="peso_corporal",IF(ISNUMBER(E44),E44,0)+R44,R44)*S44*1000+R44,0)=Y44,5,IF(IF((P44>0)*(IF(Q44="",-1,Q44)=0)*(1-(IF(Q44="",-1,Q44)>=1)*(IF(Q44="",-1,Q44)<=3)),IF(C44="peso_corporal",IF(ISNUMBER(E44),E44,0)+O44,O44)*P44*1000+O44,0)=Y44,4,IF(IF((M44>0)*(IF(N44="",-1,N44)=0)*(1-(IF(N44="",-1,N44)>=1)*(IF(N44="",-1,N44)<=3)),IF(C44="peso_corporal",IF(ISNUMBER(E44),E44,0)+L44,L44)*M44*1000+L44,0)=Y44,3,IF(IF((J44>0)*(IF(K44="",-1,K44)=0)*(1-(IF(K44="",-1,K44)>=1)*(IF(K44="",-1,K44)<=3)),IF(C44="peso_corporal",IF(ISNUMBER(E44),E44,0)+I44,I44)*J44*1000+I44,0)=Y44,2,IF(IF((G44>0)*(IF(H44="",-1,H44)=0)*(1-(IF(H44="",-1,H44)>=1)*(IF(H44="",-1,H44)<=3)),IF(C44="peso_corporal",IF(ISNUMBER(E44),E44,0)+F44,F44)*G44*1000+F44,0)=Y44,1,0)))))) -> 0 | AA44: =MAX(IF((G44>=6)*(1-(IF(H44="",-1,H44)>=1)*(IF(H44="",-1,H44)<=3))*(1-(IF(H44="",-1,H44)=0)),IF(C44="peso_corporal",IF(ISNUMBER(E44),E44,0)+F44,F44)*(30+G44)*100+F44,0),IF((J44>=6)*(1-(IF(K44="",-1,K44)>=1)*(IF(K44="",-1,K44)<=3))*(1-(IF(K44="",-1,K44)=0)),IF(C44="peso_corporal",IF(ISNUMBER(E44),E44,0)+I44,I44)*(30+J44)*100+I44,0),IF((M44>=6)*(1-(IF(N44="",-1,N44)>=1)*(IF(N44="",-1,N44)<=3))*(1-(IF(N44="",-1,N44)=0)),IF(C44="peso_corporal",IF(ISNUMBER(E44),E44,0)+L44,L44)*(30+M44)*100+L44,0),IF((P44>=6)*(1-(IF(Q44="",-1,Q44)>=1)*(IF(Q44="",-1,Q44)<=3))*(1-(IF(Q44="",-1,Q44)=0)),IF(C44="peso_corporal",IF(ISNUMBER(E44),E44,0)+O44,O44)*(30+P44)*100+O44,0),IF((S44>=6)*(1-(IF(T44="",-1,T44)>=1)*(IF(T44="",-1,T44)<=3))*(1-(IF(T44="",-1,T44)=0)),IF(C44="peso_corporal",IF(ISNUMBER(E44),E44,0)+R44,R44)*(30+S44)*100+R44,0)) -> 0 | AB44: =IF(AA44=0,0,IF(IF((S44>=6)*(1-(IF(T44="",-1,T44)>=1)*(IF(T44="",-1,T44)<=3))*(1-(IF(T44="",-1,T44)=0)),IF(C44="peso_corporal",IF(ISNUMBER(E44),E44,0)+R44,R44)*(30+S44)*100+R44,0)=AA44,5,IF(IF((P44>=6)*(1-(IF(Q44="",-1,Q44)>=1)*(IF(Q44="",-1,Q44)<=3))*(1-(IF(Q44="",-1,Q44)=0)),IF(C44="peso_corporal",IF(ISNUMBER(E44),E44,0)+O44,O44)*(30+P44)*100+O44,0)=AA44,4,IF(IF((M44>=6)*(1-(IF(N44="",-1,N44)>=1)*(IF(N44="",-1,N44)<=3))*(1-(IF(N44="",-1,N44)=0)),IF(C44="peso_corporal",IF(ISNUMBER(E44),E44,0)+L44,L44)*(30+M44)*100+L44,0)=AA44,3,IF(IF((J44>=6)*(1-(IF(K44="",-1,K44)>=1)*(IF(K44="",-1,K44)<=3))*(1-(IF(K44="",-1,K44)=0)),IF(C44="peso_corporal",IF(ISNUMBER(E44),E44,0)+I44,I44)*(30+J44)*100+I44,0)=AA44,2,IF(IF((G44>=6)*(1-(IF(H44="",-1,H44)>=1)*(IF(H44="",-1,H44)<=3))*(1-(IF(H44="",-1,H44)=0)),IF(C44="peso_corporal",IF(ISNUMBER(E44),E44,0)+F44,F44)*(30+G44)*100+F44,0)=AA44,1,0)))))) -> 0 | AC44: =IF(X44>0,"A"&X44,IF(Z44>0,"B"&Z44,IF(AB44>0,"C"&AB44,"")))
A45: — TRICEPS —
A46: Extension Triceps | B46: Press Neutro Polea Individual | C46: =IFERROR(INDEX(EJERCICIOS!$D$3:$D$75,MATCH(A46&"|"&B46,EJERCICIOS!$G$3:$G$75,0)),"--") -> -- | D46: 3 | E46: =IFERROR(LOOKUP(2,1/(MEDIDAS_Y_PESO!$B$3:$B$4<>""),MEDIDAS_Y_PESO!$B$3:$B$4),"--") -> 80 | U46: =IFERROR(IF(IF(X46>0,X46,IF(Z46>0,Z46,IF(AB46>0,AB46,0)))=0,"--",ROUND(CHOOSE(IF(X46>0,X46,IF(Z46>0,Z46,IF(AB46>0,AB46,0))),IF(C46="peso_corporal",IF(ISNUMBER(E46),E46,0)+F46,F46)*(1+G46/30),IF(C46="peso_corporal",IF(ISNUMBER(E46),E46,0)+I46,I46)*(1+J46/30),IF(C46="peso_corporal",IF(ISNUMBER(E46),E46,0)+L46,L46)*(1+M46/30),IF(C46="peso_corporal",IF(ISNUMBER(E46),E46,0)+O46,O46)*(1+P46/30),IF(C46="peso_corporal",IF(ISNUMBER(E46),E46,0)+R46,R46)*(1+S46/30)),1)),"--") -> -- | V46: =IF(SUGERENCIAS!N74="SIN","Sin datos anteriores",IF(SUGERENCIAS!N74="SUBIR_F","^ SUBIR FUERTE | Kg:"&ROUND(SUGERENCIAS!K74,1)&" R:"&ROUND(SUGERENCIAS!L74,0)&" RIR:"&ROUND(SUGERENCIAS!M74,0),IF(SUGERENCIAS!N74="SUBIR_E","^ SUBIR (Est.) | Kg:"&ROUND(SUGERENCIAS!K74,1)&" R:"&ROUND(SUGERENCIAS!L74,0)&" RIR:"&ROUND(SUGERENCIAS!M74,0),IF(SUGERENCIAS!N74="SUBIR","^ SUBIR | Kg:"&ROUND(SUGERENCIAS!K74,1)&" R:"&ROUND(SUGERENCIAS!L74,0)&" RIR:"&ROUND(SUGERENCIAS!M74,0),IF(SUGERENCIAS!N74="BAJAR","v BAJAR | Kg:"&ROUND(SUGERENCIAS!K74,1)&" R:"&ROUND(SUGERENCIAS!L74,0)&" RIR:"&ROUND(SUGERENCIAS!M74,0),"= MANT | Kg:"&ROUND(SUGERENCIAS!K74,1)&" R:"&ROUND(SUGERENCIAS!L74,0)&" RIR:"&ROUND(SUGERENCIAS!M74,0)))))) -> Sin datos anteriores | W46: =MAX(IF((G46>0)*(IF(H46="",-1,H46)>=1)*(IF(H46="",-1,H46)<=3),IF(C46="peso_corporal",IF(ISNUMBER(E46),E46,0)+F46,F46)*G46*1000+F46,0),IF((J46>0)*(IF(K46="",-1,K46)>=1)*(IF(K46="",-1,K46)<=3),IF(C46="peso_corporal",IF(ISNUMBER(E46),E46,0)+I46,I46)*J46*1000+I46,0),IF((M46>0)*(IF(N46="",-1,N46)>=1)*(IF(N46="",-1,N46)<=3),IF(C46="peso_corporal",IF(ISNUMBER(E46),E46,0)+L46,L46)*M46*1000+L46,0),IF((P46>0)*(IF(Q46="",-1,Q46)>=1)*(IF(Q46="",-1,Q46)<=3),IF(C46="peso_corporal",IF(ISNUMBER(E46),E46,0)+O46,O46)*P46*1000+O46,0),IF((S46>0)*(IF(T46="",-1,T46)>=1)*(IF(T46="",-1,T46)<=3),IF(C46="peso_corporal",IF(ISNUMBER(E46),E46,0)+R46,R46)*S46*1000+R46,0)) -> 0 | X46: =IF(W46=0,0,IF(IF((S46>0)*(IF(T46="",-1,T46)>=1)*(IF(T46="",-1,T46)<=3),IF(C46="peso_corporal",IF(ISNUMBER(E46),E46,0)+R46,R46)*S46*1000+R46,0)=W46,5,IF(IF((P46>0)*(IF(Q46="",-1,Q46)>=1)*(IF(Q46="",-1,Q46)<=3),IF(C46="peso_corporal",IF(ISNUMBER(E46),E46,0)+O46,O46)*P46*1000+O46,0)=W46,4,IF(IF((M46>0)*(IF(N46="",-1,N46)>=1)*(IF(N46="",-1,N46)<=3),IF(C46="peso_corporal",IF(ISNUMBER(E46),E46,0)+L46,L46)*M46*1000+L46,0)=W46,3,IF(IF((J46>0)*(IF(K46="",-1,K46)>=1)*(IF(K46="",-1,K46)<=3),IF(C46="peso_corporal",IF(ISNUMBER(E46),E46,0)+I46,I46)*J46*1000+I46,0)=W46,2,IF(IF((G46>0)*(IF(H46="",-1,H46)>=1)*(IF(H46="",-1,H46)<=3),IF(C46="peso_corporal",IF(ISNUMBER(E46),E46,0)+F46,F46)*G46*1000+F46,0)=W46,1,0)))))) -> 0 | Y46: =MAX(IF((G46>0)*(IF(H46="",-1,H46)=0)*(1-(IF(H46="",-1,H46)>=1)*(IF(H46="",-1,H46)<=3)),IF(C46="peso_corporal",IF(ISNUMBER(E46),E46,0)+F46,F46)*G46*1000+F46,0),IF((J46>0)*(IF(K46="",-1,K46)=0)*(1-(IF(K46="",-1,K46)>=1)*(IF(K46="",-1,K46)<=3)),IF(C46="peso_corporal",IF(ISNUMBER(E46),E46,0)+I46,I46)*J46*1000+I46,0),IF((M46>0)*(IF(N46="",-1,N46)=0)*(1-(IF(N46="",-1,N46)>=1)*(IF(N46="",-1,N46)<=3)),IF(C46="peso_corporal",IF(ISNUMBER(E46),E46,0)+L46,L46)*M46*1000+L46,0),IF((P46>0)*(IF(Q46="",-1,Q46)=0)*(1-(IF(Q46="",-1,Q46)>=1)*(IF(Q46="",-1,Q46)<=3)),IF(C46="peso_corporal",IF(ISNUMBER(E46),E46,0)+O46,O46)*P46*1000+O46,0),IF((S46>0)*(IF(T46="",-1,T46)=0)*(1-(IF(T46="",-1,T46)>=1)*(IF(T46="",-1,T46)<=3)),IF(C46="peso_corporal",IF(ISNUMBER(E46),E46,0)+R46,R46)*S46*1000+R46,0)) -> 0 | Z46: =IF(Y46=0,0,IF(IF((S46>0)*(IF(T46="",-1,T46)=0)*(1-(IF(T46="",-1,T46)>=1)*(IF(T46="",-1,T46)<=3)),IF(C46="peso_corporal",IF(ISNUMBER(E46),E46,0)+R46,R46)*S46*1000+R46,0)=Y46,5,IF(IF((P46>0)*(IF(Q46="",-1,Q46)=0)*(1-(IF(Q46="",-1,Q46)>=1)*(IF(Q46="",-1,Q46)<=3)),IF(C46="peso_corporal",IF(ISNUMBER(E46),E46,0)+O46,O46)*P46*1000+O46,0)=Y46,4,IF(IF((M46>0)*(IF(N46="",-1,N46)=0)*(1-(IF(N46="",-1,N46)>=1)*(IF(N46="",-1,N46)<=3)),IF(C46="peso_corporal",IF(ISNUMBER(E46),E46,0)+L46,L46)*M46*1000+L46,0)=Y46,3,IF(IF((J46>0)*(IF(K46="",-1,K46)=0)*(1-(IF(K46="",-1,K46)>=1)*(IF(K46="",-1,K46)<=3)),IF(C46="peso_corporal",IF(ISNUMBER(E46),E46,0)+I46,I46)*J46*1000+I46,0)=Y46,2,IF(IF((G46>0)*(IF(H46="",-1,H46)=0)*(1-(IF(H46="",-1,H46)>=1)*(IF(H46="",-1,H46)<=3)),IF(C46="peso_corporal",IF(ISNUMBER(E46),E46,0)+F46,F46)*G46*1000+F46,0)=Y46,1,0)))))) -> 0 | AA46: =MAX(IF((G46>=6)*(1-(IF(H46="",-1,H46)>=1)*(IF(H46="",-1,H46)<=3))*(1-(IF(H46="",-1,H46)=0)),IF(C46="peso_corporal",IF(ISNUMBER(E46),E46,0)+F46,F46)*(30+G46)*100+F46,0),IF((J46>=6)*(1-(IF(K46="",-1,K46)>=1)*(IF(K46="",-1,K46)<=3))*(1-(IF(K46="",-1,K46)=0)),IF(C46="peso_corporal",IF(ISNUMBER(E46),E46,0)+I46,I46)*(30+J46)*100+I46,0),IF((M46>=6)*(1-(IF(N46="",-1,N46)>=1)*(IF(N46="",-1,N46)<=3))*(1-(IF(N46="",-1,N46)=0)),IF(C46="peso_corporal",IF(ISNUMBER(E46),E46,0)+L46,L46)*(30+M46)*100+L46,0),IF((P46>=6)*(1-(IF(Q46="",-1,Q46)>=1)*(IF(Q46="",-1,Q46)<=3))*(1-(IF(Q46="",-1,Q46)=0)),IF(C46="peso_corporal",IF(ISNUMBER(E46),E46,0)+O46,O46)*(30+P46)*100+O46,0),IF((S46>=6)*(1-(IF(T46="",-1,T46)>=1)*(IF(T46="",-1,T46)<=3))*(1-(IF(T46="",-1,T46)=0)),IF(C46="peso_corporal",IF(ISNUMBER(E46),E46,0)+R46,R46)*(30+S46)*100+R46,0)) -> 0 | AB46: =IF(AA46=0,0,IF(IF((S46>=6)*(1-(IF(T46="",-1,T46)>=1)*(IF(T46="",-1,T46)<=3))*(1-(IF(T46="",-1,T46)=0)),IF(C46="peso_corporal",IF(ISNUMBER(E46),E46,0)+R46,R46)*(30+S46)*100+R46,0)=AA46,5,IF(IF((P46>=6)*(1-(IF(Q46="",-1,Q46)>=1)*(IF(Q46="",-1,Q46)<=3))*(1-(IF(Q46="",-1,Q46)=0)),IF(C46="peso_corporal",IF(ISNUMBER(E46),E46,0)+O46,O46)*(30+P46)*100+O46,0)=AA46,4,IF(IF((M46>=6)*(1-(IF(N46="",-1,N46)>=1)*(IF(N46="",-1,N46)<=3))*(1-(IF(N46="",-1,N46)=0)),IF(C46="peso_corporal",IF(ISNUMBER(E46),E46,0)+L46,L46)*(30+M46)*100+L46,0)=AA46,3,IF(IF((J46>=6)*(1-(IF(K46="",-1,K46)>=1)*(IF(K46="",-1,K46)<=3))*(1-(IF(K46="",-1,K46)=0)),IF(C46="peso_corporal",IF(ISNUMBER(E46),E46,0)+I46,I46)*(30+J46)*100+I46,0)=AA46,2,IF(IF((G46>=6)*(1-(IF(H46="",-1,H46)>=1)*(IF(H46="",-1,H46)<=3))*(1-(IF(H46="",-1,H46)=0)),IF(C46="peso_corporal",IF(ISNUMBER(E46),E46,0)+F46,F46)*(30+G46)*100+F46,0)=AA46,1,0)))))) -> 0 | AC46: =IF(X46>0,"A"&X46,IF(Z46>0,"B"&Z46,IF(AB46>0,"C"&AB46,"")))
A47: — CUADRICEPS —
A48: Extension Cuadriceps | B48: Vasto Externo | C48: =IFERROR(INDEX(EJERCICIOS!$D$3:$D$75,MATCH(A48&"|"&B48,EJERCICIOS!$G$3:$G$75,0)),"--") -> -- | D48: 3 | E48: =IFERROR(LOOKUP(2,1/(MEDIDAS_Y_PESO!$B$3:$B$4<>""),MEDIDAS_Y_PESO!$B$3:$B$4),"--") -> 80 | U48: =IFERROR(IF(IF(X48>0,X48,IF(Z48>0,Z48,IF(AB48>0,AB48,0)))=0,"--",ROUND(CHOOSE(IF(X48>0,X48,IF(Z48>0,Z48,IF(AB48>0,AB48,0))),IF(C48="peso_corporal",IF(ISNUMBER(E48),E48,0)+F48,F48)*(1+G48/30),IF(C48="peso_corporal",IF(ISNUMBER(E48),E48,0)+I48,I48)*(1+J48/30),IF(C48="peso_corporal",IF(ISNUMBER(E48),E48,0)+L48,L48)*(1+M48/30),IF(C48="peso_corporal",IF(ISNUMBER(E48),E48,0)+O48,O48)*(1+P48/30),IF(C48="peso_corporal",IF(ISNUMBER(E48),E48,0)+R48,R48)*(1+S48/30)),1)),"--") -> -- | V48: =IF(SUGERENCIAS!N75="SIN","Sin datos anteriores",IF(SUGERENCIAS!N75="SUBIR_F","^ SUBIR FUERTE | Kg:"&ROUND(SUGERENCIAS!K75,1)&" R:"&ROUND(SUGERENCIAS!L75,0)&" RIR:"&ROUND(SUGERENCIAS!M75,0),IF(SUGERENCIAS!N75="SUBIR_E","^ SUBIR (Est.) | Kg:"&ROUND(SUGERENCIAS!K75,1)&" R:"&ROUND(SUGERENCIAS!L75,0)&" RIR:"&ROUND(SUGERENCIAS!M75,0),IF(SUGERENCIAS!N75="SUBIR","^ SUBIR | Kg:"&ROUND(SUGERENCIAS!K75,1)&" R:"&ROUND(SUGERENCIAS!L75,0)&" RIR:"&ROUND(SUGERENCIAS!M75,0),IF(SUGERENCIAS!N75="BAJAR","v BAJAR | Kg:"&ROUND(SUGERENCIAS!K75,1)&" R:"&ROUND(SUGERENCIAS!L75,0)&" RIR:"&ROUND(SUGERENCIAS!M75,0),"= MANT | Kg:"&ROUND(SUGERENCIAS!K75,1)&" R:"&ROUND(SUGERENCIAS!L75,0)&" RIR:"&ROUND(SUGERENCIAS!M75,0)))))) -> Sin datos anteriores | W48: =MAX(IF((G48>0)*(IF(H48="",-1,H48)>=1)*(IF(H48="",-1,H48)<=3),IF(C48="peso_corporal",IF(ISNUMBER(E48),E48,0)+F48,F48)*G48*1000+F48,0),IF((J48>0)*(IF(K48="",-1,K48)>=1)*(IF(K48="",-1,K48)<=3),IF(C48="peso_corporal",IF(ISNUMBER(E48),E48,0)+I48,I48)*J48*1000+I48,0),IF((M48>0)*(IF(N48="",-1,N48)>=1)*(IF(N48="",-1,N48)<=3),IF(C48="peso_corporal",IF(ISNUMBER(E48),E48,0)+L48,L48)*M48*1000+L48,0),IF((P48>0)*(IF(Q48="",-1,Q48)>=1)*(IF(Q48="",-1,Q48)<=3),IF(C48="peso_corporal",IF(ISNUMBER(E48),E48,0)+O48,O48)*P48*1000+O48,0),IF((S48>0)*(IF(T48="",-1,T48)>=1)*(IF(T48="",-1,T48)<=3),IF(C48="peso_corporal",IF(ISNUMBER(E48),E48,0)+R48,R48)*S48*1000+R48,0)) -> 0 | X48: =IF(W48=0,0,IF(IF((S48>0)*(IF(T48="",-1,T48)>=1)*(IF(T48="",-1,T48)<=3),IF(C48="peso_corporal",IF(ISNUMBER(E48),E48,0)+R48,R48)*S48*1000+R48,0)=W48,5,IF(IF((P48>0)*(IF(Q48="",-1,Q48)>=1)*(IF(Q48="",-1,Q48)<=3),IF(C48="peso_corporal",IF(ISNUMBER(E48),E48,0)+O48,O48)*P48*1000+O48,0)=W48,4,IF(IF((M48>0)*(IF(N48="",-1,N48)>=1)*(IF(N48="",-1,N48)<=3),IF(C48="peso_corporal",IF(ISNUMBER(E48),E48,0)+L48,L48)*M48*1000+L48,0)=W48,3,IF(IF((J48>0)*(IF(K48="",-1,K48)>=1)*(IF(K48="",-1,K48)<=3),IF(C48="peso_corporal",IF(ISNUMBER(E48),E48,0)+I48,I48)*J48*1000+I48,0)=W48,2,IF(IF((G48>0)*(IF(H48="",-1,H48)>=1)*(IF(H48="",-1,H48)<=3),IF(C48="peso_corporal",IF(ISNUMBER(E48),E48,0)+F48,F48)*G48*1000+F48,0)=W48,1,0)))))) -> 0 | Y48: =MAX(IF((G48>0)*(IF(H48="",-1,H48)=0)*(1-(IF(H48="",-1,H48)>=1)*(IF(H48="",-1,H48)<=3)),IF(C48="peso_corporal",IF(ISNUMBER(E48),E48,0)+F48,F48)*G48*1000+F48,0),IF((J48>0)*(IF(K48="",-1,K48)=0)*(1-(IF(K48="",-1,K48)>=1)*(IF(K48="",-1,K48)<=3)),IF(C48="peso_corporal",IF(ISNUMBER(E48),E48,0)+I48,I48)*J48*1000+I48,0),IF((M48>0)*(IF(N48="",-1,N48)=0)*(1-(IF(N48="",-1,N48)>=1)*(IF(N48="",-1,N48)<=3)),IF(C48="peso_corporal",IF(ISNUMBER(E48),E48,0)+L48,L48)*M48*1000+L48,0),IF((P48>0)*(IF(Q48="",-1,Q48)=0)*(1-(IF(Q48="",-1,Q48)>=1)*(IF(Q48="",-1,Q48)<=3)),IF(C48="peso_corporal",IF(ISNUMBER(E48),E48,0)+O48,O48)*P48*1000+O48,0),IF((S48>0)*(IF(T48="",-1,T48)=0)*(1-(IF(T48="",-1,T48)>=1)*(IF(T48="",-1,T48)<=3)),IF(C48="peso_corporal",IF(ISNUMBER(E48),E48,0)+R48,R48)*S48*1000+R48,0)) -> 0 | Z48: =IF(Y48=0,0,IF(IF((S48>0)*(IF(T48="",-1,T48)=0)*(1-(IF(T48="",-1,T48)>=1)*(IF(T48="",-1,T48)<=3)),IF(C48="peso_corporal",IF(ISNUMBER(E48),E48,0)+R48,R48)*S48*1000+R48,0)=Y48,5,IF(IF((P48>0)*(IF(Q48="",-1,Q48)=0)*(1-(IF(Q48="",-1,Q48)>=1)*(IF(Q48="",-1,Q48)<=3)),IF(C48="peso_corporal",IF(ISNUMBER(E48),E48,0)+O48,O48)*P48*1000+O48,0)=Y48,4,IF(IF((M48>0)*(IF(N48="",-1,N48)=0)*(1-(IF(N48="",-1,N48)>=1)*(IF(N48="",-1,N48)<=3)),IF(C48="peso_corporal",IF(ISNUMBER(E48),E48,0)+L48,L48)*M48*1000+L48,0)=Y48,3,IF(IF((J48>0)*(IF(K48="",-1,K48)=0)*(1-(IF(K48="",-1,K48)>=1)*(IF(K48="",-1,K48)<=3)),IF(C48="peso_corporal",IF(ISNUMBER(E48),E48,0)+I48,I48)*J48*1000+I48,0)=Y48,2,IF(IF((G48>0)*(IF(H48="",-1,H48)=0)*(1-(IF(H48="",-1,H48)>=1)*(IF(H48="",-1,H48)<=3)),IF(C48="peso_corporal",IF(ISNUMBER(E48),E48,0)+F48,F48)*G48*1000+F48,0)=Y48,1,0)))))) -> 0 | AA48: =MAX(IF((G48>=6)*(1-(IF(H48="",-1,H48)>=1)*(IF(H48="",-1,H48)<=3))*(1-(IF(H48="",-1,H48)=0)),IF(C48="peso_corporal",IF(ISNUMBER(E48),E48,0)+F48,F48)*(30+G48)*100+F48,0),IF((J48>=6)*(1-(IF(K48="",-1,K48)>=1)*(IF(K48="",-1,K48)<=3))*(1-(IF(K48="",-1,K48)=0)),IF(C48="peso_corporal",IF(ISNUMBER(E48),E48,0)+I48,I48)*(30+J48)*100+I48,0),IF((M48>=6)*(1-(IF(N48="",-1,N48)>=1)*(IF(N48="",-1,N48)<=3))*(1-(IF(N48="",-1,N48)=0)),IF(C48="peso_corporal",IF(ISNUMBER(E48),E48,0)+L48,L48)*(30+M48)*100+L48,0),IF((P48>=6)*(1-(IF(Q48="",-1,Q48)>=1)*(IF(Q48="",-1,Q48)<=3))*(1-(IF(Q48="",-1,Q48)=0)),IF(C48="peso_corporal",IF(ISNUMBER(E48),E48,0)+O48,O48)*(30+P48)*100+O48,0),IF((S48>=6)*(1-(IF(T48="",-1,T48)>=1)*(IF(T48="",-1,T48)<=3))*(1-(IF(T48="",-1,T48)=0)),IF(C48="peso_corporal",IF(ISNUMBER(E48),E48,0)+R48,R48)*(30+S48)*100+R48,0)) -> 0 | AB48: =IF(AA48=0,0,IF(IF((S48>=6)*(1-(IF(T48="",-1,T48)>=1)*(IF(T48="",-1,T48)<=3))*(1-(IF(T48="",-1,T48)=0)),IF(C48="peso_corporal",IF(ISNUMBER(E48),E48,0)+R48,R48)*(30+S48)*100+R48,0)=AA48,5,IF(IF((P48>=6)*(1-(IF(Q48="",-1,Q48)>=1)*(IF(Q48="",-1,Q48)<=3))*(1-(IF(Q48="",-1,Q48)=0)),IF(C48="peso_corporal",IF(ISNUMBER(E48),E48,0)+O48,O48)*(30+P48)*100+O48,0)=AA48,4,IF(IF((M48>=6)*(1-(IF(N48="",-1,N48)>=1)*(IF(N48="",-1,N48)<=3))*(1-(IF(N48="",-1,N48)=0)),IF(C48="peso_corporal",IF(ISNUMBER(E48),E48,0)+L48,L48)*(30+M48)*100+L48,0)=AA48,3,IF(IF((J48>=6)*(1-(IF(K48="",-1,K48)>=1)*(IF(K48="",-1,K48)<=3))*(1-(IF(K48="",-1,K48)=0)),IF(C48="peso_corporal",IF(ISNUMBER(E48),E48,0)+I48,I48)*(30+J48)*100+I48,0)=AA48,2,IF(IF((G48>=6)*(1-(IF(H48="",-1,H48)>=1)*(IF(H48="",-1,H48)<=3))*(1-(IF(H48="",-1,H48)=0)),IF(C48="peso_corporal",IF(ISNUMBER(E48),E48,0)+F48,F48)*(30+G48)*100+F48,0)=AA48,1,0)))))) -> 0 | AC48: =IF(X48>0,"A"&X48,IF(Z48>0,"B"&Z48,IF(AB48>0,"C"&AB48,"")))
A49: — BICEPS —
A50: Curl Biceps | B50: Inclinado Banco Mancuernas | C50: =IFERROR(INDEX(EJERCICIOS!$D$3:$D$75,MATCH(A50&"|"&B50,EJERCICIOS!$G$3:$G$75,0)),"--") -> mancuerna | D50: 3 | E50: =IFERROR(LOOKUP(2,1/(MEDIDAS_Y_PESO!$B$3:$B$4<>""),MEDIDAS_Y_PESO!$B$3:$B$4),"--") -> 80 | U50: =IFERROR(IF(IF(X50>0,X50,IF(Z50>0,Z50,IF(AB50>0,AB50,0)))=0,"--",ROUND(CHOOSE(IF(X50>0,X50,IF(Z50>0,Z50,IF(AB50>0,AB50,0))),IF(C50="peso_corporal",IF(ISNUMBER(E50),E50,0)+F50,F50)*(1+G50/30),IF(C50="peso_corporal",IF(ISNUMBER(E50),E50,0)+I50,I50)*(1+J50/30),IF(C50="peso_corporal",IF(ISNUMBER(E50),E50,0)+L50,L50)*(1+M50/30),IF(C50="peso_corporal",IF(ISNUMBER(E50),E50,0)+O50,O50)*(1+P50/30),IF(C50="peso_corporal",IF(ISNUMBER(E50),E50,0)+R50,R50)*(1+S50/30)),1)),"--") -> -- | V50: =IF(SUGERENCIAS!N76="SIN","Sin datos anteriores",IF(SUGERENCIAS!N76="SUBIR_F","^ SUBIR FUERTE | Kg:"&ROUND(SUGERENCIAS!K76,1)&" R:"&ROUND(SUGERENCIAS!L76,0)&" RIR:"&ROUND(SUGERENCIAS!M76,0),IF(SUGERENCIAS!N76="SUBIR_E","^ SUBIR (Est.) | Kg:"&ROUND(SUGERENCIAS!K76,1)&" R:"&ROUND(SUGERENCIAS!L76,0)&" RIR:"&ROUND(SUGERENCIAS!M76,0),IF(SUGERENCIAS!N76="SUBIR","^ SUBIR | Kg:"&ROUND(SUGERENCIAS!K76,1)&" R:"&ROUND(SUGERENCIAS!L76,0)&" RIR:"&ROUND(SUGERENCIAS!M76,0),IF(SUGERENCIAS!N76="BAJAR","v BAJAR | Kg:"&ROUND(SUGERENCIAS!K76,1)&" R:"&ROUND(SUGERENCIAS!L76,0)&" RIR:"&ROUND(SUGERENCIAS!M76,0),"= MANT | Kg:"&ROUND(SUGERENCIAS!K76,1)&" R:"&ROUND(SUGERENCIAS!L76,0)&" RIR:"&ROUND(SUGERENCIAS!M76,0)))))) -> Sin datos anteriores | W50: =MAX(IF((G50>0)*(IF(H50="",-1,H50)>=1)*(IF(H50="",-1,H50)<=3),IF(C50="peso_corporal",IF(ISNUMBER(E50),E50,0)+F50,F50)*G50*1000+F50,0),IF((J50>0)*(IF(K50="",-1,K50)>=1)*(IF(K50="",-1,K50)<=3),IF(C50="peso_corporal",IF(ISNUMBER(E50),E50,0)+I50,I50)*J50*1000+I50,0),IF((M50>0)*(IF(N50="",-1,N50)>=1)*(IF(N50="",-1,N50)<=3),IF(C50="peso_corporal",IF(ISNUMBER(E50),E50,0)+L50,L50)*M50*1000+L50,0),IF((P50>0)*(IF(Q50="",-1,Q50)>=1)*(IF(Q50="",-1,Q50)<=3),IF(C50="peso_corporal",IF(ISNUMBER(E50),E50,0)+O50,O50)*P50*1000+O50,0),IF((S50>0)*(IF(T50="",-1,T50)>=1)*(IF(T50="",-1,T50)<=3),IF(C50="peso_corporal",IF(ISNUMBER(E50),E50,0)+R50,R50)*S50*1000+R50,0)) -> 0 | X50: =IF(W50=0,0,IF(IF((S50>0)*(IF(T50="",-1,T50)>=1)*(IF(T50="",-1,T50)<=3),IF(C50="peso_corporal",IF(ISNUMBER(E50),E50,0)+R50,R50)*S50*1000+R50,0)=W50,5,IF(IF((P50>0)*(IF(Q50="",-1,Q50)>=1)*(IF(Q50="",-1,Q50)<=3),IF(C50="peso_corporal",IF(ISNUMBER(E50),E50,0)+O50,O50)*P50*1000+O50,0)=W50,4,IF(IF((M50>0)*(IF(N50="",-1,N50)>=1)*(IF(N50="",-1,N50)<=3),IF(C50="peso_corporal",IF(ISNUMBER(E50),E50,0)+L50,L50)*M50*1000+L50,0)=W50,3,IF(IF((J50>0)*(IF(K50="",-1,K50)>=1)*(IF(K50="",-1,K50)<=3),IF(C50="peso_corporal",IF(ISNUMBER(E50),E50,0)+I50,I50)*J50*1000+I50,0)=W50,2,IF(IF((G50>0)*(IF(H50="",-1,H50)>=1)*(IF(H50="",-1,H50)<=3),IF(C50="peso_corporal",IF(ISNUMBER(E50),E50,0)+F50,F50)*G50*1000+F50,0)=W50,1,0)))))) -> 0 | Y50: =MAX(IF((G50>0)*(IF(H50="",-1,H50)=0)*(1-(IF(H50="",-1,H50)>=1)*(IF(H50="",-1,H50)<=3)),IF(C50="peso_corporal",IF(ISNUMBER(E50),E50,0)+F50,F50)*G50*1000+F50,0),IF((J50>0)*(IF(K50="",-1,K50)=0)*(1-(IF(K50="",-1,K50)>=1)*(IF(K50="",-1,K50)<=3)),IF(C50="peso_corporal",IF(ISNUMBER(E50),E50,0)+I50,I50)*J50*1000+I50,0),IF((M50>0)*(IF(N50="",-1,N50)=0)*(1-(IF(N50="",-1,N50)>=1)*(IF(N50="",-1,N50)<=3)),IF(C50="peso_corporal",IF(ISNUMBER(E50),E50,0)+L50,L50)*M50*1000+L50,0),IF((P50>0)*(IF(Q50="",-1,Q50)=0)*(1-(IF(Q50="",-1,Q50)>=1)*(IF(Q50="",-1,Q50)<=3)),IF(C50="peso_corporal",IF(ISNUMBER(E50),E50,0)+O50,O50)*P50*1000+O50,0),IF((S50>0)*(IF(T50="",-1,T50)=0)*(1-(IF(T50="",-1,T50)>=1)*(IF(T50="",-1,T50)<=3)),IF(C50="peso_corporal",IF(ISNUMBER(E50),E50,0)+R50,R50)*S50*1000+R50,0)) -> 0 | Z50: =IF(Y50=0,0,IF(IF((S50>0)*(IF(T50="",-1,T50)=0)*(1-(IF(T50="",-1,T50)>=1)*(IF(T50="",-1,T50)<=3)),IF(C50="peso_corporal",IF(ISNUMBER(E50),E50,0)+R50,R50)*S50*1000+R50,0)=Y50,5,IF(IF((P50>0)*(IF(Q50="",-1,Q50)=0)*(1-(IF(Q50="",-1,Q50)>=1)*(IF(Q50="",-1,Q50)<=3)),IF(C50="peso_corporal",IF(ISNUMBER(E50),E50,0)+O50,O50)*P50*1000+O50,0)=Y50,4,IF(IF((M50>0)*(IF(N50="",-1,N50)=0)*(1-(IF(N50="",-1,N50)>=1)*(IF(N50="",-1,N50)<=3)),IF(C50="peso_corporal",IF(ISNUMBER(E50),E50,0)+L50,L50)*M50*1000+L50,0)=Y50,3,IF(IF((J50>0)*(IF(K50="",-1,K50)=0)*(1-(IF(K50="",-1,K50)>=1)*(IF(K50="",-1,K50)<=3)),IF(C50="peso_corporal",IF(ISNUMBER(E50),E50,0)+I50,I50)*J50*1000+I50,0)=Y50,2,IF(IF((G50>0)*(IF(H50="",-1,H50)=0)*(1-(IF(H50="",-1,H50)>=1)*(IF(H50="",-1,H50)<=3)),IF(C50="peso_corporal",IF(ISNUMBER(E50),E50,0)+F50,F50)*G50*1000+F50,0)=Y50,1,0)))))) -> 0 | AA50: =MAX(IF((G50>=6)*(1-(IF(H50="",-1,H50)>=1)*(IF(H50="",-1,H50)<=3))*(1-(IF(H50="",-1,H50)=0)),IF(C50="peso_corporal",IF(ISNUMBER(E50),E50,0)+F50,F50)*(30+G50)*100+F50,0),IF((J50>=6)*(1-(IF(K50="",-1,K50)>=1)*(IF(K50="",-1,K50)<=3))*(1-(IF(K50="",-1,K50)=0)),IF(C50="peso_corporal",IF(ISNUMBER(E50),E50,0)+I50,I50)*(30+J50)*100+I50,0),IF((M50>=6)*(1-(IF(N50="",-1,N50)>=1)*(IF(N50="",-1,N50)<=3))*(1-(IF(N50="",-1,N50)=0)),IF(C50="peso_corporal",IF(ISNUMBER(E50),E50,0)+L50,L50)*(30+M50)*100+L50,0),IF((P50>=6)*(1-(IF(Q50="",-1,Q50)>=1)*(IF(Q50="",-1,Q50)<=3))*(1-(IF(Q50="",-1,Q50)=0)),IF(C50="peso_corporal",IF(ISNUMBER(E50),E50,0)+O50,O50)*(30+P50)*100+O50,0),IF((S50>=6)*(1-(IF(T50="",-1,T50)>=1)*(IF(T50="",-1,T50)<=3))*(1-(IF(T50="",-1,T50)=0)),IF(C50="peso_corporal",IF(ISNUMBER(E50),E50,0)+R50,R50)*(30+S50)*100+R50,0)) -> 0 | AB50: =IF(AA50=0,0,IF(IF((S50>=6)*(1-(IF(T50="",-1,T50)>=1)*(IF(T50="",-1,T50)<=3))*(1-(IF(T50="",-1,T50)=0)),IF(C50="peso_corporal",IF(ISNUMBER(E50),E50,0)+R50,R50)*(30+S50)*100+R50,0)=AA50,5,IF(IF((P50>=6)*(1-(IF(Q50="",-1,Q50)>=1)*(IF(Q50="",-1,Q50)<=3))*(1-(IF(Q50="",-1,Q50)=0)),IF(C50="peso_corporal",IF(ISNUMBER(E50),E50,0)+O50,O50)*(30+P50)*100+O50,0)=AA50,4,IF(IF((M50>=6)*(1-(IF(N50="",-1,N50)>=1)*(IF(N50="",-1,N50)<=3))*(1-(IF(N50="",-1,N50)=0)),IF(C50="peso_corporal",IF(ISNUMBER(E50),E50,0)+L50,L50)*(30+M50)*100+L50,0)=AA50,3,IF(IF((J50>=6)*(1-(IF(K50="",-1,K50)>=1)*(IF(K50="",-1,K50)<=3))*(1-(IF(K50="",-1,K50)=0)),IF(C50="peso_corporal",IF(ISNUMBER(E50),E50,0)+I50,I50)*(30+J50)*100+I50,0)=AA50,2,IF(IF((G50>=6)*(1-(IF(H50="",-1,H50)>=1)*(IF(H50="",-1,H50)<=3))*(1-(IF(H50="",-1,H50)=0)),IF(C50="peso_corporal",IF(ISNUMBER(E50),E50,0)+F50,F50)*(30+G50)*100+F50,0)=AA50,1,0)))))) -> 0 | AC50: =IF(X50>0,"A"&X50,IF(Z50>0,"B"&Z50,IF(AB50>0,"C"&AB50,"")))
A51: — CIERRE —
A52: Crunch | B52: Polea | C52: =IFERROR(INDEX(EJERCICIOS!$D$3:$D$75,MATCH(A52&"|"&B52,EJERCICIOS!$G$3:$G$75,0)),"--") -> polea | D52: 3 | E52: =IFERROR(LOOKUP(2,1/(MEDIDAS_Y_PESO!$B$3:$B$4<>""),MEDIDAS_Y_PESO!$B$3:$B$4),"--") -> 80 | U52: =IFERROR(IF(IF(X52>0,X52,IF(Z52>0,Z52,IF(AB52>0,AB52,0)))=0,"--",ROUND(CHOOSE(IF(X52>0,X52,IF(Z52>0,Z52,IF(AB52>0,AB52,0))),IF(C52="peso_corporal",IF(ISNUMBER(E52),E52,0)+F52,F52)*(1+G52/30),IF(C52="peso_corporal",IF(ISNUMBER(E52),E52,0)+I52,I52)*(1+J52/30),IF(C52="peso_corporal",IF(ISNUMBER(E52),E52,0)+L52,L52)*(1+M52/30),IF(C52="peso_corporal",IF(ISNUMBER(E52),E52,0)+O52,O52)*(1+P52/30),IF(C52="peso_corporal",IF(ISNUMBER(E52),E52,0)+R52,R52)*(1+S52/30)),1)),"--") -> -- | V52: =IF(SUGERENCIAS!N77="SIN","Sin datos anteriores",IF(SUGERENCIAS!N77="SUBIR_F","^ SUBIR FUERTE | Kg:"&ROUND(SUGERENCIAS!K77,1)&" R:"&ROUND(SUGERENCIAS!L77,0)&" RIR:"&ROUND(SUGERENCIAS!M77,0),IF(SUGERENCIAS!N77="SUBIR_E","^ SUBIR (Est.) | Kg:"&ROUND(SUGERENCIAS!K77,1)&" R:"&ROUND(SUGERENCIAS!L77,0)&" RIR:"&ROUND(SUGERENCIAS!M77,0),IF(SUGERENCIAS!N77="SUBIR","^ SUBIR | Kg:"&ROUND(SUGERENCIAS!K77,1)&" R:"&ROUND(SUGERENCIAS!L77,0)&" RIR:"&ROUND(SUGERENCIAS!M77,0),IF(SUGERENCIAS!N77="BAJAR","v BAJAR | Kg:"&ROUND(SUGERENCIAS!K77,1)&" R:"&ROUND(SUGERENCIAS!L77,0)&" RIR:"&ROUND(SUGERENCIAS!M77,0),"= MANT | Kg:"&ROUND(SUGERENCIAS!K77,1)&" R:"&ROUND(SUGERENCIAS!L77,0)&" RIR:"&ROUND(SUGERENCIAS!M77,0)))))) -> Sin datos anteriores | W52: =MAX(IF((G52>0)*(IF(H52="",-1,H52)>=1)*(IF(H52="",-1,H52)<=3),IF(C52="peso_corporal",IF(ISNUMBER(E52),E52,0)+F52,F52)*G52*1000+F52,0),IF((J52>0)*(IF(K52="",-1,K52)>=1)*(IF(K52="",-1,K52)<=3),IF(C52="peso_corporal",IF(ISNUMBER(E52),E52,0)+I52,I52)*J52*1000+I52,0),IF((M52>0)*(IF(N52="",-1,N52)>=1)*(IF(N52="",-1,N52)<=3),IF(C52="peso_corporal",IF(ISNUMBER(E52),E52,0)+L52,L52)*M52*1000+L52,0),IF((P52>0)*(IF(Q52="",-1,Q52)>=1)*(IF(Q52="",-1,Q52)<=3),IF(C52="peso_corporal",IF(ISNUMBER(E52),E52,0)+O52,O52)*P52*1000+O52,0),IF((S52>0)*(IF(T52="",-1,T52)>=1)*(IF(T52="",-1,T52)<=3),IF(C52="peso_corporal",IF(ISNUMBER(E52),E52,0)+R52,R52)*S52*1000+R52,0)) -> 0 | X52: =IF(W52=0,0,IF(IF((S52>0)*(IF(T52="",-1,T52)>=1)*(IF(T52="",-1,T52)<=3),IF(C52="peso_corporal",IF(ISNUMBER(E52),E52,0)+R52,R52)*S52*1000+R52,0)=W52,5,IF(IF((P52>0)*(IF(Q52="",-1,Q52)>=1)*(IF(Q52="",-1,Q52)<=3),IF(C52="peso_corporal",IF(ISNUMBER(E52),E52,0)+O52,O52)*P52*1000+O52,0)=W52,4,IF(IF((M52>0)*(IF(N52="",-1,N52)>=1)*(IF(N52="",-1,N52)<=3),IF(C52="peso_corporal",IF(ISNUMBER(E52),E52,0)+L52,L52)*M52*1000+L52,0)=W52,3,IF(IF((J52>0)*(IF(K52="",-1,K52)>=1)*(IF(K52="",-1,K52)<=3),IF(C52="peso_corporal",IF(ISNUMBER(E52),E52,0)+I52,I52)*J52*1000+I52,0)=W52,2,IF(IF((G52>0)*(IF(H52="",-1,H52)>=1)*(IF(H52="",-1,H52)<=3),IF(C52="peso_corporal",IF(ISNUMBER(E52),E52,0)+F52,F52)*G52*1000+F52,0)=W52,1,0)))))) -> 0 | Y52: =MAX(IF((G52>0)*(IF(H52="",-1,H52)=0)*(1-(IF(H52="",-1,H52)>=1)*(IF(H52="",-1,H52)<=3)),IF(C52="peso_corporal",IF(ISNUMBER(E52),E52,0)+F52,F52)*G52*1000+F52,0),IF((J52>0)*(IF(K52="",-1,K52)=0)*(1-(IF(K52="",-1,K52)>=1)*(IF(K52="",-1,K52)<=3)),IF(C52="peso_corporal",IF(ISNUMBER(E52),E52,0)+I52,I52)*J52*1000+I52,0),IF((M52>0)*(IF(N52="",-1,N52)=0)*(1-(IF(N52="",-1,N52)>=1)*(IF(N52="",-1,N52)<=3)),IF(C52="peso_corporal",IF(ISNUMBER(E52),E52,0)+L52,L52)*M52*1000+L52,0),IF((P52>0)*(IF(Q52="",-1,Q52)=0)*(1-(IF(Q52="",-1,Q52)>=1)*(IF(Q52="",-1,Q52)<=3)),IF(C52="peso_corporal",IF(ISNUMBER(E52),E52,0)+O52,O52)*P52*1000+O52,0),IF((S52>0)*(IF(T52="",-1,T52)=0)*(1-(IF(T52="",-1,T52)>=1)*(IF(T52="",-1,T52)<=3)),IF(C52="peso_corporal",IF(ISNUMBER(E52),E52,0)+R52,R52)*S52*1000+R52,0)) -> 0 | Z52: =IF(Y52=0,0,IF(IF((S52>0)*(IF(T52="",-1,T52)=0)*(1-(IF(T52="",-1,T52)>=1)*(IF(T52="",-1,T52)<=3)),IF(C52="peso_corporal",IF(ISNUMBER(E52),E52,0)+R52,R52)*S52*1000+R52,0)=Y52,5,IF(IF((P52>0)*(IF(Q52="",-1,Q52)=0)*(1-(IF(Q52="",-1,Q52)>=1)*(IF(Q52="",-1,Q52)<=3)),IF(C52="peso_corporal",IF(ISNUMBER(E52),E52,0)+O52,O52)*P52*1000+O52,0)=Y52,4,IF(IF((M52>0)*(IF(N52="",-1,N52)=0)*(1-(IF(N52="",-1,N52)>=1)*(IF(N52="",-1,N52)<=3)),IF(C52="peso_corporal",IF(ISNUMBER(E52),E52,0)+L52,L52)*M52*1000+L52,0)=Y52,3,IF(IF((J52>0)*(IF(K52="",-1,K52)=0)*(1-(IF(K52="",-1,K52)>=1)*(IF(K52="",-1,K52)<=3)),IF(C52="peso_corporal",IF(ISNUMBER(E52),E52,0)+I52,I52)*J52*1000+I52,0)=Y52,2,IF(IF((G52>0)*(IF(H52="",-1,H52)=0)*(1-(IF(H52="",-1,H52)>=1)*(IF(H52="",-1,H52)<=3)),IF(C52="peso_corporal",IF(ISNUMBER(E52),E52,0)+F52,F52)*G52*1000+F52,0)=Y52,1,0)))))) -> 0 | AA52: =MAX(IF((G52>=6)*(1-(IF(H52="",-1,H52)>=1)*(IF(H52="",-1,H52)<=3))*(1-(IF(H52="",-1,H52)=0)),IF(C52="peso_corporal",IF(ISNUMBER(E52),E52,0)+F52,F52)*(30+G52)*100+F52,0),IF((J52>=6)*(1-(IF(K52="",-1,K52)>=1)*(IF(K52="",-1,K52)<=3))*(1-(IF(K52="",-1,K52)=0)),IF(C52="peso_corporal",IF(ISNUMBER(E52),E52,0)+I52,I52)*(30+J52)*100+I52,0),IF((M52>=6)*(1-(IF(N52="",-1,N52)>=1)*(IF(N52="",-1,N52)<=3))*(1-(IF(N52="",-1,N52)=0)),IF(C52="peso_corporal",IF(ISNUMBER(E52),E52,0)+L52,L52)*(30+M52)*100+L52,0),IF((P52>=6)*(1-(IF(Q52="",-1,Q52)>=1)*(IF(Q52="",-1,Q52)<=3))*(1-(IF(Q52="",-1,Q52)=0)),IF(C52="peso_corporal",IF(ISNUMBER(E52),E52,0)+O52,O52)*(30+P52)*100+O52,0),IF((S52>=6)*(1-(IF(T52="",-1,T52)>=1)*(IF(T52="",-1,T52)<=3))*(1-(IF(T52="",-1,T52)=0)),IF(C52="peso_corporal",IF(ISNUMBER(E52),E52,0)+R52,R52)*(30+S52)*100+R52,0)) -> 0 | AB52: =IF(AA52=0,0,IF(IF((S52>=6)*(1-(IF(T52="",-1,T52)>=1)*(IF(T52="",-1,T52)<=3))*(1-(IF(T52="",-1,T52)=0)),IF(C52="peso_corporal",IF(ISNUMBER(E52),E52,0)+R52,R52)*(30+S52)*100+R52,0)=AA52,5,IF(IF((P52>=6)*(1-(IF(Q52="",-1,Q52)>=1)*(IF(Q52="",-1,Q52)<=3))*(1-(IF(Q52="",-1,Q52)=0)),IF(C52="peso_corporal",IF(ISNUMBER(E52),E52,0)+O52,O52)*(30+P52)*100+O52,0)=AA52,4,IF(IF((M52>=6)*(1-(IF(N52="",-1,N52)>=1)*(IF(N52="",-1,N52)<=3))*(1-(IF(N52="",-1,N52)=0)),IF(C52="peso_corporal",IF(ISNUMBER(E52),E52,0)+L52,L52)*(30+M52)*100+L52,0)=AA52,3,IF(IF((J52>=6)*(1-(IF(K52="",-1,K52)>=1)*(IF(K52="",-1,K52)<=3))*(1-(IF(K52="",-1,K52)=0)),IF(C52="peso_corporal",IF(ISNUMBER(E52),E52,0)+I52,I52)*(30+J52)*100+I52,0)=AA52,2,IF(IF((G52>=6)*(1-(IF(H52="",-1,H52)>=1)*(IF(H52="",-1,H52)<=3))*(1-(IF(H52="",-1,H52)=0)),IF(C52="peso_corporal",IF(ISNUMBER(E52),E52,0)+F52,F52)*(30+G52)*100+F52,0)=AA52,1,0)))))) -> 0 | AC52: =IF(X52>0,"A"&X52,IF(Z52>0,"B"&Z52,IF(AB52>0,"C"&AB52,"")))
A54: SEMANA 3 FUE -- Fuerza
A55: — PECHO —
A56: · Medio
A57: Press Plano | B57: Barra | C57: =IFERROR(INDEX(EJERCICIOS!$D$3:$D$75,MATCH(A57&"|"&B57,EJERCICIOS!$G$3:$G$75,0)),"--") -> disco | D57: 3 | E57: =IFERROR(LOOKUP(2,1/(MEDIDAS_Y_PESO!$B$3:$B$5<>""),MEDIDAS_Y_PESO!$B$3:$B$5),"--") -> 80 | U57: =IFERROR(IF(IF(X57>0,X57,IF(Z57>0,Z57,IF(AB57>0,AB57,0)))=0,"--",ROUND(CHOOSE(IF(X57>0,X57,IF(Z57>0,Z57,IF(AB57>0,AB57,0))),IF(C57="peso_corporal",IF(ISNUMBER(E57),E57,0)+F57,F57)*(1+G57/30),IF(C57="peso_corporal",IF(ISNUMBER(E57),E57,0)+I57,I57)*(1+J57/30),IF(C57="peso_corporal",IF(ISNUMBER(E57),E57,0)+L57,L57)*(1+M57/30),IF(C57="peso_corporal",IF(ISNUMBER(E57),E57,0)+O57,O57)*(1+P57/30),IF(C57="peso_corporal",IF(ISNUMBER(E57),E57,0)+R57,R57)*(1+S57/30)),1)),"--") -> -- | V57: =IF(SUGERENCIAS!N130="SIN","Sin datos anteriores",IF(SUGERENCIAS!N130="SUBIR_F","^ SUBIR FUERTE | Kg:"&ROUND(SUGERENCIAS!K130,1)&" R:"&ROUND(SUGERENCIAS!L130,0)&" RIR:"&ROUND(SUGERENCIAS!M130,0),IF(SUGERENCIAS!N130="SUBIR_E","^ SUBIR (Est.) | Kg:"&ROUND(SUGERENCIAS!K130,1)&" R:"&ROUND(SUGERENCIAS!L130,0)&" RIR:"&ROUND(SUGERENCIAS!M130,0),IF(SUGERENCIAS!N130="SUBIR","^ SUBIR | Kg:"&ROUND(SUGERENCIAS!K130,1)&" R:"&ROUND(SUGERENCIAS!L130,0)&" RIR:"&ROUND(SUGERENCIAS!M130,0),IF(SUGERENCIAS!N130="BAJAR","v BAJAR | Kg:"&ROUND(SUGERENCIAS!K130,1)&" R:"&ROUND(SUGERENCIAS!L130,0)&" RIR:"&ROUND(SUGERENCIAS!M130,0),"= MANT | Kg:"&ROUND(SUGERENCIAS!K130,1)&" R:"&ROUND(SUGERENCIAS!L130,0)&" RIR:"&ROUND(SUGERENCIAS!M130,0)))))) -> Sin datos anteriores | W57: =MAX(IF((G57>0)*(IF(H57="",-1,H57)>=0)*(IF(H57="",-1,H57)<=1),IF(C57="peso_corporal",IF(ISNUMBER(E57),E57,0)+F57,F57)*G57*1000+F57,0),IF((J57>0)*(IF(K57="",-1,K57)>=0)*(IF(K57="",-1,K57)<=1),IF(C57="peso_corporal",IF(ISNUMBER(E57),E57,0)+I57,I57)*J57*1000+I57,0),IF((M57>0)*(IF(N57="",-1,N57)>=0)*(IF(N57="",-1,N57)<=1),IF(C57="peso_corporal",IF(ISNUMBER(E57),E57,0)+L57,L57)*M57*1000+L57,0),IF((P57>0)*(IF(Q57="",-1,Q57)>=0)*(IF(Q57="",-1,Q57)<=1),IF(C57="peso_corporal",IF(ISNUMBER(E57),E57,0)+O57,O57)*P57*1000+O57,0),IF((S57>0)*(IF(T57="",-1,T57)>=0)*(IF(T57="",-1,T57)<=1),IF(C57="peso_corporal",IF(ISNUMBER(E57),E57,0)+R57,R57)*S57*1000+R57,0)) -> 0 | X57: =IF(W57=0,0,IF(IF((S57>0)*(IF(T57="",-1,T57)>=0)*(IF(T57="",-1,T57)<=1),IF(C57="peso_corporal",IF(ISNUMBER(E57),E57,0)+R57,R57)*S57*1000+R57,0)=W57,5,IF(IF((P57>0)*(IF(Q57="",-1,Q57)>=0)*(IF(Q57="",-1,Q57)<=1),IF(C57="peso_corporal",IF(ISNUMBER(E57),E57,0)+O57,O57)*P57*1000+O57,0)=W57,4,IF(IF((M57>0)*(IF(N57="",-1,N57)>=0)*(IF(N57="",-1,N57)<=1),IF(C57="peso_corporal",IF(ISNUMBER(E57),E57,0)+L57,L57)*M57*1000+L57,0)=W57,3,IF(IF((J57>0)*(IF(K57="",-1,K57)>=0)*(IF(K57="",-1,K57)<=1),IF(C57="peso_corporal",IF(ISNUMBER(E57),E57,0)+I57,I57)*J57*1000+I57,0)=W57,2,IF(IF((G57>0)*(IF(H57="",-1,H57)>=0)*(IF(H57="",-1,H57)<=1),IF(C57="peso_corporal",IF(ISNUMBER(E57),E57,0)+F57,F57)*G57*1000+F57,0)=W57,1,0)))))) -> 0 | Y57: =MAX(IF((G57>0)*(IF(H57="",-1,H57)=0)*(1-(IF(H57="",-1,H57)>=0)*(IF(H57="",-1,H57)<=1)),IF(C57="peso_corporal",IF(ISNUMBER(E57),E57,0)+F57,F57)*G57*1000+F57,0),IF((J57>0)*(IF(K57="",-1,K57)=0)*(1-(IF(K57="",-1,K57)>=0)*(IF(K57="",-1,K57)<=1)),IF(C57="peso_corporal",IF(ISNUMBER(E57),E57,0)+I57,I57)*J57*1000+I57,0),IF((M57>0)*(IF(N57="",-1,N57)=0)*(1-(IF(N57="",-1,N57)>=0)*(IF(N57="",-1,N57)<=1)),IF(C57="peso_corporal",IF(ISNUMBER(E57),E57,0)+L57,L57)*M57*1000+L57,0),IF((P57>0)*(IF(Q57="",-1,Q57)=0)*(1-(IF(Q57="",-1,Q57)>=0)*(IF(Q57="",-1,Q57)<=1)),IF(C57="peso_corporal",IF(ISNUMBER(E57),E57,0)+O57,O57)*P57*1000+O57,0),IF((S57>0)*(IF(T57="",-1,T57)=0)*(1-(IF(T57="",-1,T57)>=0)*(IF(T57="",-1,T57)<=1)),IF(C57="peso_corporal",IF(ISNUMBER(E57),E57,0)+R57,R57)*S57*1000+R57,0)) -> 0 | Z57: =IF(Y57=0,0,IF(IF((S57>0)*(IF(T57="",-1,T57)=0)*(1-(IF(T57="",-1,T57)>=0)*(IF(T57="",-1,T57)<=1)),IF(C57="peso_corporal",IF(ISNUMBER(E57),E57,0)+R57,R57)*S57*1000+R57,0)=Y57,5,IF(IF((P57>0)*(IF(Q57="",-1,Q57)=0)*(1-(IF(Q57="",-1,Q57)>=0)*(IF(Q57="",-1,Q57)<=1)),IF(C57="peso_corporal",IF(ISNUMBER(E57),E57,0)+O57,O57)*P57*1000+O57,0)=Y57,4,IF(IF((M57>0)*(IF(N57="",-1,N57)=0)*(1-(IF(N57="",-1,N57)>=0)*(IF(N57="",-1,N57)<=1)),IF(C57="peso_corporal",IF(ISNUMBER(E57),E57,0)+L57,L57)*M57*1000+L57,0)=Y57,3,IF(IF((J57>0)*(IF(K57="",-1,K57)=0)*(1-(IF(K57="",-1,K57)>=0)*(IF(K57="",-1,K57)<=1)),IF(C57="peso_corporal",IF(ISNUMBER(E57),E57,0)+I57,I57)*J57*1000+I57,0)=Y57,2,IF(IF((G57>0)*(IF(H57="",-1,H57)=0)*(1-(IF(H57="",-1,H57)>=0)*(IF(H57="",-1,H57)<=1)),IF(C57="peso_corporal",IF(ISNUMBER(E57),E57,0)+F57,F57)*G57*1000+F57,0)=Y57,1,0)))))) -> 0 | AA57: =MAX(IF((G57>=3)*(1-(IF(H57="",-1,H57)>=0)*(IF(H57="",-1,H57)<=1))*(1-(IF(H57="",-1,H57)=0)),IF(C57="peso_corporal",IF(ISNUMBER(E57),E57,0)+F57,F57)*(30+G57)*100+F57,0),IF((J57>=3)*(1-(IF(K57="",-1,K57)>=0)*(IF(K57="",-1,K57)<=1))*(1-(IF(K57="",-1,K57)=0)),IF(C57="peso_corporal",IF(ISNUMBER(E57),E57,0)+I57,I57)*(30+J57)*100+I57,0),IF((M57>=3)*(1-(IF(N57="",-1,N57)>=0)*(IF(N57="",-1,N57)<=1))*(1-(IF(N57="",-1,N57)=0)),IF(C57="peso_corporal",IF(ISNUMBER(E57),E57,0)+L57,L57)*(30+M57)*100+L57,0),IF((P57>=3)*(1-(IF(Q57="",-1,Q57)>=0)*(IF(Q57="",-1,Q57)<=1))*(1-(IF(Q57="",-1,Q57)=0)),IF(C57="peso_corporal",IF(ISNUMBER(E57),E57,0)+O57,O57)*(30+P57)*100+O57,0),IF((S57>=3)*(1-(IF(T57="",-1,T57)>=0)*(IF(T57="",-1,T57)<=1))*(1-(IF(T57="",-1,T57)=0)),IF(C57="peso_corporal",IF(ISNUMBER(E57),E57,0)+R57,R57)*(30+S57)*100+R57,0)) -> 0 | AB57: =IF(AA57=0,0,IF(IF((S57>=3)*(1-(IF(T57="",-1,T57)>=0)*(IF(T57="",-1,T57)<=1))*(1-(IF(T57="",-1,T57)=0)),IF(C57="peso_corporal",IF(ISNUMBER(E57),E57,0)+R57,R57)*(30+S57)*100+R57,0)=AA57,5,IF(IF((P57>=3)*(1-(IF(Q57="",-1,Q57)>=0)*(IF(Q57="",-1,Q57)<=1))*(1-(IF(Q57="",-1,Q57)=0)),IF(C57="peso_corporal",IF(ISNUMBER(E57),E57,0)+O57,O57)*(30+P57)*100+O57,0)=AA57,4,IF(IF((M57>=3)*(1-(IF(N57="",-1,N57)>=0)*(IF(N57="",-1,N57)<=1))*(1-(IF(N57="",-1,N57)=0)),IF(C57="peso_corporal",IF(ISNUMBER(E57),E57,0)+L57,L57)*(30+M57)*100+L57,0)=AA57,3,IF(IF((J57>=3)*(1-(IF(K57="",-1,K57)>=0)*(IF(K57="",-1,K57)<=1))*(1-(IF(K57="",-1,K57)=0)),IF(C57="peso_corporal",IF(ISNUMBER(E57),E57,0)+I57,I57)*(30+J57)*100+I57,0)=AA57,2,IF(IF((G57>=3)*(1-(IF(H57="",-1,H57)>=0)*(IF(H57="",-1,H57)<=1))*(1-(IF(H57="",-1,H57)=0)),IF(C57="peso_corporal",IF(ISNUMBER(E57),E57,0)+F57,F57)*(30+G57)*100+F57,0)=AA57,1,0)))))) -> 0 | AC57: =IF(X57>0,"A"&X57,IF(Z57>0,"B"&Z57,IF(AB57>0,"C"&AB57,"")))
A58: · Alto
A59: Press Inclinado | B59: Mancuernas | C59: =IFERROR(INDEX(EJERCICIOS!$D$3:$D$75,MATCH(A59&"|"&B59,EJERCICIOS!$G$3:$G$75,0)),"--") -> mancuerna | D59: 3 | E59: =IFERROR(LOOKUP(2,1/(MEDIDAS_Y_PESO!$B$3:$B$5<>""),MEDIDAS_Y_PESO!$B$3:$B$5),"--") -> 80 | U59: =IFERROR(IF(IF(X59>0,X59,IF(Z59>0,Z59,IF(AB59>0,AB59,0)))=0,"--",ROUND(CHOOSE(IF(X59>0,X59,IF(Z59>0,Z59,IF(AB59>0,AB59,0))),IF(C59="peso_corporal",IF(ISNUMBER(E59),E59,0)+F59,F59)*(1+G59/30),IF(C59="peso_corporal",IF(ISNUMBER(E59),E59,0)+I59,I59)*(1+J59/30),IF(C59="peso_corporal",IF(ISNUMBER(E59),E59,0)+L59,L59)*(1+M59/30),IF(C59="peso_corporal",IF(ISNUMBER(E59),E59,0)+O59,O59)*(1+P59/30),IF(C59="peso_corporal",IF(ISNUMBER(E59),E59,0)+R59,R59)*(1+S59/30)),1)),"--") -> -- | V59: =IF(SUGERENCIAS!N131="SIN","Sin datos anteriores",IF(SUGERENCIAS!N131="SUBIR_F","^ SUBIR FUERTE | Kg:"&ROUND(SUGERENCIAS!K131,1)&" R:"&ROUND(SUGERENCIAS!L131,0)&" RIR:"&ROUND(SUGERENCIAS!M131,0),IF(SUGERENCIAS!N131="SUBIR_E","^ SUBIR (Est.) | Kg:"&ROUND(SUGERENCIAS!K131,1)&" R:"&ROUND(SUGERENCIAS!L131,0)&" RIR:"&ROUND(SUGERENCIAS!M131,0),IF(SUGERENCIAS!N131="SUBIR","^ SUBIR | Kg:"&ROUND(SUGERENCIAS!K131,1)&" R:"&ROUND(SUGERENCIAS!L131,0)&" RIR:"&ROUND(SUGERENCIAS!M131,0),IF(SUGERENCIAS!N131="BAJAR","v BAJAR | Kg:"&ROUND(SUGERENCIAS!K131,1)&" R:"&ROUND(SUGERENCIAS!L131,0)&" RIR:"&ROUND(SUGERENCIAS!M131,0),"= MANT | Kg:"&ROUND(SUGERENCIAS!K131,1)&" R:"&ROUND(SUGERENCIAS!L131,0)&" RIR:"&ROUND(SUGERENCIAS!M131,0)))))) -> Sin datos anteriores | W59: =MAX(IF((G59>0)*(IF(H59="",-1,H59)>=0)*(IF(H59="",-1,H59)<=1),IF(C59="peso_corporal",IF(ISNUMBER(E59),E59,0)+F59,F59)*G59*1000+F59,0),IF((J59>0)*(IF(K59="",-1,K59)>=0)*(IF(K59="",-1,K59)<=1),IF(C59="peso_corporal",IF(ISNUMBER(E59),E59,0)+I59,I59)*J59*1000+I59,0),IF((M59>0)*(IF(N59="",-1,N59)>=0)*(IF(N59="",-1,N59)<=1),IF(C59="peso_corporal",IF(ISNUMBER(E59),E59,0)+L59,L59)*M59*1000+L59,0),IF((P59>0)*(IF(Q59="",-1,Q59)>=0)*(IF(Q59="",-1,Q59)<=1),IF(C59="peso_corporal",IF(ISNUMBER(E59),E59,0)+O59,O59)*P59*1000+O59,0),IF((S59>0)*(IF(T59="",-1,T59)>=0)*(IF(T59="",-1,T59)<=1),IF(C59="peso_corporal",IF(ISNUMBER(E59),E59,0)+R59,R59)*S59*1000+R59,0)) -> 0 | X59: =IF(W59=0,0,IF(IF((S59>0)*(IF(T59="",-1,T59)>=0)*(IF(T59="",-1,T59)<=1),IF(C59="peso_corporal",IF(ISNUMBER(E59),E59,0)+R59,R59)*S59*1000+R59,0)=W59,5,IF(IF((P59>0)*(IF(Q59="",-1,Q59)>=0)*(IF(Q59="",-1,Q59)<=1),IF(C59="peso_corporal",IF(ISNUMBER(E59),E59,0)+O59,O59)*P59*1000+O59,0)=W59,4,IF(IF((M59>0)*(IF(N59="",-1,N59)>=0)*(IF(N59="",-1,N59)<=1),IF(C59="peso_corporal",IF(ISNUMBER(E59),E59,0)+L59,L59)*M59*1000+L59,0)=W59,3,IF(IF((J59>0)*(IF(K59="",-1,K59)>=0)*(IF(K59="",-1,K59)<=1),IF(C59="peso_corporal",IF(ISNUMBER(E59),E59,0)+I59,I59)*J59*1000+I59,0)=W59,2,IF(IF((G59>0)*(IF(H59="",-1,H59)>=0)*(IF(H59="",-1,H59)<=1),IF(C59="peso_corporal",IF(ISNUMBER(E59),E59,0)+F59,F59)*G59*1000+F59,0)=W59,1,0)))))) -> 0 | Y59: =MAX(IF((G59>0)*(IF(H59="",-1,H59)=0)*(1-(IF(H59="",-1,H59)>=0)*(IF(H59="",-1,H59)<=1)),IF(C59="peso_corporal",IF(ISNUMBER(E59),E59,0)+F59,F59)*G59*1000+F59,0),IF((J59>0)*(IF(K59="",-1,K59)=0)*(1-(IF(K59="",-1,K59)>=0)*(IF(K59="",-1,K59)<=1)),IF(C59="peso_corporal",IF(ISNUMBER(E59),E59,0)+I59,I59)*J59*1000+I59,0),IF((M59>0)*(IF(N59="",-1,N59)=0)*(1-(IF(N59="",-1,N59)>=0)*(IF(N59="",-1,N59)<=1)),IF(C59="peso_corporal",IF(ISNUMBER(E59),E59,0)+L59,L59)*M59*1000+L59,0),IF((P59>0)*(IF(Q59="",-1,Q59)=0)*(1-(IF(Q59="",-1,Q59)>=0)*(IF(Q59="",-1,Q59)<=1)),IF(C59="peso_corporal",IF(ISNUMBER(E59),E59,0)+O59,O59)*P59*1000+O59,0),IF((S59>0)*(IF(T59="",-1,T59)=0)*(1-(IF(T59="",-1,T59)>=0)*(IF(T59="",-1,T59)<=1)),IF(C59="peso_corporal",IF(ISNUMBER(E59),E59,0)+R59,R59)*S59*1000+R59,0)) -> 0 | Z59: =IF(Y59=0,0,IF(IF((S59>0)*(IF(T59="",-1,T59)=0)*(1-(IF(T59="",-1,T59)>=0)*(IF(T59="",-1,T59)<=1)),IF(C59="peso_corporal",IF(ISNUMBER(E59),E59,0)+R59,R59)*S59*1000+R59,0)=Y59,5,IF(IF((P59>0)*(IF(Q59="",-1,Q59)=0)*(1-(IF(Q59="",-1,Q59)>=0)*(IF(Q59="",-1,Q59)<=1)),IF(C59="peso_corporal",IF(ISNUMBER(E59),E59,0)+O59,O59)*P59*1000+O59,0)=Y59,4,IF(IF((M59>0)*(IF(N59="",-1,N59)=0)*(1-(IF(N59="",-1,N59)>=0)*(IF(N59="",-1,N59)<=1)),IF(C59="peso_corporal",IF(ISNUMBER(E59),E59,0)+L59,L59)*M59*1000+L59,0)=Y59,3,IF(IF((J59>0)*(IF(K59="",-1,K59)=0)*(1-(IF(K59="",-1,K59)>=0)*(IF(K59="",-1,K59)<=1)),IF(C59="peso_corporal",IF(ISNUMBER(E59),E59,0)+I59,I59)*J59*1000+I59,0)=Y59,2,IF(IF((G59>0)*(IF(H59="",-1,H59)=0)*(1-(IF(H59="",-1,H59)>=0)*(IF(H59="",-1,H59)<=1)),IF(C59="peso_corporal",IF(ISNUMBER(E59),E59,0)+F59,F59)*G59*1000+F59,0)=Y59,1,0)))))) -> 0 | AA59: =MAX(IF((G59>=3)*(1-(IF(H59="",-1,H59)>=0)*(IF(H59="",-1,H59)<=1))*(1-(IF(H59="",-1,H59)=0)),IF(C59="peso_corporal",IF(ISNUMBER(E59),E59,0)+F59,F59)*(30+G59)*100+F59,0),IF((J59>=3)*(1-(IF(K59="",-1,K59)>=0)*(IF(K59="",-1,K59)<=1))*(1-(IF(K59="",-1,K59)=0)),IF(C59="peso_corporal",IF(ISNUMBER(E59),E59,0)+I59,I59)*(30+J59)*100+I59,0),IF((M59>=3)*(1-(IF(N59="",-1,N59)>=0)*(IF(N59="",-1,N59)<=1))*(1-(IF(N59="",-1,N59)=0)),IF(C59="peso_corporal",IF(ISNUMBER(E59),E59,0)+L59,L59)*(30+M59)*100+L59,0),IF((P59>=3)*(1-(IF(Q59="",-1,Q59)>=0)*(IF(Q59="",-1,Q59)<=1))*(1-(IF(Q59="",-1,Q59)=0)),IF(C59="peso_corporal",IF(ISNUMBER(E59),E59,0)+O59,O59)*(30+P59)*100+O59,0),IF((S59>=3)*(1-(IF(T59="",-1,T59)>=0)*(IF(T59="",-1,T59)<=1))*(1-(IF(T59="",-1,T59)=0)),IF(C59="peso_corporal",IF(ISNUMBER(E59),E59,0)+R59,R59)*(30+S59)*100+R59,0)) -> 0 | AB59: =IF(AA59=0,0,IF(IF((S59>=3)*(1-(IF(T59="",-1,T59)>=0)*(IF(T59="",-1,T59)<=1))*(1-(IF(T59="",-1,T59)=0)),IF(C59="peso_corporal",IF(ISNUMBER(E59),E59,0)+R59,R59)*(30+S59)*100+R59,0)=AA59,5,IF(IF((P59>=3)*(1-(IF(Q59="",-1,Q59)>=0)*(IF(Q59="",-1,Q59)<=1))*(1-(IF(Q59="",-1,Q59)=0)),IF(C59="peso_corporal",IF(ISNUMBER(E59),E59,0)+O59,O59)*(30+P59)*100+O59,0)=AA59,4,IF(IF((M59>=3)*(1-(IF(N59="",-1,N59)>=0)*(IF(N59="",-1,N59)<=1))*(1-(IF(N59="",-1,N59)=0)),IF(C59="peso_corporal",IF(ISNUMBER(E59),E59,0)+L59,L59)*(30+M59)*100+L59,0)=AA59,3,IF(IF((J59>=3)*(1-(IF(K59="",-1,K59)>=0)*(IF(K59="",-1,K59)<=1))*(1-(IF(K59="",-1,K59)=0)),IF(C59="peso_corporal",IF(ISNUMBER(E59),E59,0)+I59,I59)*(30+J59)*100+I59,0)=AA59,2,IF(IF((G59>=3)*(1-(IF(H59="",-1,H59)>=0)*(IF(H59="",-1,H59)<=1))*(1-(IF(H59="",-1,H59)=0)),IF(C59="peso_corporal",IF(ISNUMBER(E59),E59,0)+F59,F59)*(30+G59)*100+F59,0)=AA59,1,0)))))) -> 0 | AC59: =IF(X59>0,"A"&X59,IF(Z59>0,"B"&Z59,IF(AB59>0,"C"&AB59,"")))
A60: · Bajo
A61: Fondos | B61: Paralelas | C61: =IFERROR(INDEX(EJERCICIOS!$D$3:$D$75,MATCH(A61&"|"&B61,EJERCICIOS!$G$3:$G$75,0)),"--") -> peso_corporal | D61: 3 | E61: =IFERROR(LOOKUP(2,1/(MEDIDAS_Y_PESO!$B$3:$B$5<>""),MEDIDAS_Y_PESO!$B$3:$B$5),"--") -> 80 | U61: =IFERROR(IF(IF(X61>0,X61,IF(Z61>0,Z61,IF(AB61>0,AB61,0)))=0,"--",ROUND(CHOOSE(IF(X61>0,X61,IF(Z61>0,Z61,IF(AB61>0,AB61,0))),IF(C61="peso_corporal",IF(ISNUMBER(E61),E61,0)+F61,F61)*(1+G61/30),IF(C61="peso_corporal",IF(ISNUMBER(E61),E61,0)+I61,I61)*(1+J61/30),IF(C61="peso_corporal",IF(ISNUMBER(E61),E61,0)+L61,L61)*(1+M61/30),IF(C61="peso_corporal",IF(ISNUMBER(E61),E61,0)+O61,O61)*(1+P61/30),IF(C61="peso_corporal",IF(ISNUMBER(E61),E61,0)+R61,R61)*(1+S61/30)),1)),"--") -> -- | V61: =IF(SUGERENCIAS!N132="SIN","Sin datos anteriores",IF(SUGERENCIAS!N132="SUBIR_F","^ SUBIR FUERTE | Kg:"&ROUND(SUGERENCIAS!K132,1)&" R:"&ROUND(SUGERENCIAS!L132,0)&" RIR:"&ROUND(SUGERENCIAS!M132,0),IF(SUGERENCIAS!N132="SUBIR_E","^ SUBIR (Est.) | Kg:"&ROUND(SUGERENCIAS!K132,1)&" R:"&ROUND(SUGERENCIAS!L132,0)&" RIR:"&ROUND(SUGERENCIAS!M132,0),IF(SUGERENCIAS!N132="SUBIR","^ SUBIR | Kg:"&ROUND(SUGERENCIAS!K132,1)&" R:"&ROUND(SUGERENCIAS!L132,0)&" RIR:"&ROUND(SUGERENCIAS!M132,0),IF(SUGERENCIAS!N132="BAJAR","v BAJAR | Kg:"&ROUND(SUGERENCIAS!K132,1)&" R:"&ROUND(SUGERENCIAS!L132,0)&" RIR:"&ROUND(SUGERENCIAS!M132,0),"= MANT | Kg:"&ROUND(SUGERENCIAS!K132,1)&" R:"&ROUND(SUGERENCIAS!L132,0)&" RIR:"&ROUND(SUGERENCIAS!M132,0)))))) -> ^ SUBIR FUERTE | Kg:5 R:6 RIR:2 | W61: =MAX(IF((G61>0)*(IF(H61="",-1,H61)>=0)*(IF(H61="",-1,H61)<=1),IF(C61="peso_corporal",IF(ISNUMBER(E61),E61,0)+F61,F61)*G61*1000+F61,0),IF((J61>0)*(IF(K61="",-1,K61)>=0)*(IF(K61="",-1,K61)<=1),IF(C61="peso_corporal",IF(ISNUMBER(E61),E61,0)+I61,I61)*J61*1000+I61,0),IF((M61>0)*(IF(N61="",-1,N61)>=0)*(IF(N61="",-1,N61)<=1),IF(C61="peso_corporal",IF(ISNUMBER(E61),E61,0)+L61,L61)*M61*1000+L61,0),IF((P61>0)*(IF(Q61="",-1,Q61)>=0)*(IF(Q61="",-1,Q61)<=1),IF(C61="peso_corporal",IF(ISNUMBER(E61),E61,0)+O61,O61)*P61*1000+O61,0),IF((S61>0)*(IF(T61="",-1,T61)>=0)*(IF(T61="",-1,T61)<=1),IF(C61="peso_corporal",IF(ISNUMBER(E61),E61,0)+R61,R61)*S61*1000+R61,0)) -> 0 | X61: =IF(W61=0,0,IF(IF((S61>0)*(IF(T61="",-1,T61)>=0)*(IF(T61="",-1,T61)<=1),IF(C61="peso_corporal",IF(ISNUMBER(E61),E61,0)+R61,R61)*S61*1000+R61,0)=W61,5,IF(IF((P61>0)*(IF(Q61="",-1,Q61)>=0)*(IF(Q61="",-1,Q61)<=1),IF(C61="peso_corporal",IF(ISNUMBER(E61),E61,0)+O61,O61)*P61*1000+O61,0)=W61,4,IF(IF((M61>0)*(IF(N61="",-1,N61)>=0)*(IF(N61="",-1,N61)<=1),IF(C61="peso_corporal",IF(ISNUMBER(E61),E61,0)+L61,L61)*M61*1000+L61,0)=W61,3,IF(IF((J61>0)*(IF(K61="",-1,K61)>=0)*(IF(K61="",-1,K61)<=1),IF(C61="peso_corporal",IF(ISNUMBER(E61),E61,0)+I61,I61)*J61*1000+I61,0)=W61,2,IF(IF((G61>0)*(IF(H61="",-1,H61)>=0)*(IF(H61="",-1,H61)<=1),IF(C61="peso_corporal",IF(ISNUMBER(E61),E61,0)+F61,F61)*G61*1000+F61,0)=W61,1,0)))))) -> 0 | Y61: =MAX(IF((G61>0)*(IF(H61="",-1,H61)=0)*(1-(IF(H61="",-1,H61)>=0)*(IF(H61="",-1,H61)<=1)),IF(C61="peso_corporal",IF(ISNUMBER(E61),E61,0)+F61,F61)*G61*1000+F61,0),IF((J61>0)*(IF(K61="",-1,K61)=0)*(1-(IF(K61="",-1,K61)>=0)*(IF(K61="",-1,K61)<=1)),IF(C61="peso_corporal",IF(ISNUMBER(E61),E61,0)+I61,I61)*J61*1000+I61,0),IF((M61>0)*(IF(N61="",-1,N61)=0)*(1-(IF(N61="",-1,N61)>=0)*(IF(N61="",-1,N61)<=1)),IF(C61="peso_corporal",IF(ISNUMBER(E61),E61,0)+L61,L61)*M61*1000+L61,0),IF((P61>0)*(IF(Q61="",-1,Q61)=0)*(1-(IF(Q61="",-1,Q61)>=0)*(IF(Q61="",-1,Q61)<=1)),IF(C61="peso_corporal",IF(ISNUMBER(E61),E61,0)+O61,O61)*P61*1000+O61,0),IF((S61>0)*(IF(T61="",-1,T61)=0)*(1-(IF(T61="",-1,T61)>=0)*(IF(T61="",-1,T61)<=1)),IF(C61="peso_corporal",IF(ISNUMBER(E61),E61,0)+R61,R61)*S61*1000+R61,0)) -> 0 | Z61: =IF(Y61=0,0,IF(IF((S61>0)*(IF(T61="",-1,T61)=0)*(1-(IF(T61="",-1,T61)>=0)*(IF(T61="",-1,T61)<=1)),IF(C61="peso_corporal",IF(ISNUMBER(E61),E61,0)+R61,R61)*S61*1000+R61,0)=Y61,5,IF(IF((P61>0)*(IF(Q61="",-1,Q61)=0)*(1-(IF(Q61="",-1,Q61)>=0)*(IF(Q61="",-1,Q61)<=1)),IF(C61="peso_corporal",IF(ISNUMBER(E61),E61,0)+O61,O61)*P61*1000+O61,0)=Y61,4,IF(IF((M61>0)*(IF(N61="",-1,N61)=0)*(1-(IF(N61="",-1,N61)>=0)*(IF(N61="",-1,N61)<=1)),IF(C61="peso_corporal",IF(ISNUMBER(E61),E61,0)+L61,L61)*M61*1000+L61,0)=Y61,3,IF(IF((J61>0)*(IF(K61="",-1,K61)=0)*(1-(IF(K61="",-1,K61)>=0)*(IF(K61="",-1,K61)<=1)),IF(C61="peso_corporal",IF(ISNUMBER(E61),E61,0)+I61,I61)*J61*1000+I61,0)=Y61,2,IF(IF((G61>0)*(IF(H61="",-1,H61)=0)*(1-(IF(H61="",-1,H61)>=0)*(IF(H61="",-1,H61)<=1)),IF(C61="peso_corporal",IF(ISNUMBER(E61),E61,0)+F61,F61)*G61*1000+F61,0)=Y61,1,0)))))) -> 0 | AA61: =MAX(IF((G61>=3)*(1-(IF(H61="",-1,H61)>=0)*(IF(H61="",-1,H61)<=1))*(1-(IF(H61="",-1,H61)=0)),IF(C61="peso_corporal",IF(ISNUMBER(E61),E61,0)+F61,F61)*(30+G61)*100+F61,0),IF((J61>=3)*(1-(IF(K61="",-1,K61)>=0)*(IF(K61="",-1,K61)<=1))*(1-(IF(K61="",-1,K61)=0)),IF(C61="peso_corporal",IF(ISNUMBER(E61),E61,0)+I61,I61)*(30+J61)*100+I61,0),IF((M61>=3)*(1-(IF(N61="",-1,N61)>=0)*(IF(N61="",-1,N61)<=1))*(1-(IF(N61="",-1,N61)=0)),IF(C61="peso_corporal",IF(ISNUMBER(E61),E61,0)+L61,L61)*(30+M61)*100+L61,0),IF((P61>=3)*(1-(IF(Q61="",-1,Q61)>=0)*(IF(Q61="",-1,Q61)<=1))*(1-(IF(Q61="",-1,Q61)=0)),IF(C61="peso_corporal",IF(ISNUMBER(E61),E61,0)+O61,O61)*(30+P61)*100+O61,0),IF((S61>=3)*(1-(IF(T61="",-1,T61)>=0)*(IF(T61="",-1,T61)<=1))*(1-(IF(T61="",-1,T61)=0)),IF(C61="peso_corporal",IF(ISNUMBER(E61),E61,0)+R61,R61)*(30+S61)*100+R61,0)) -> 0 | AB61: =IF(AA61=0,0,IF(IF((S61>=3)*(1-(IF(T61="",-1,T61)>=0)*(IF(T61="",-1,T61)<=1))*(1-(IF(T61="",-1,T61)=0)),IF(C61="peso_corporal",IF(ISNUMBER(E61),E61,0)+R61,R61)*(30+S61)*100+R61,0)=AA61,5,IF(IF((P61>=3)*(1-(IF(Q61="",-1,Q61)>=0)*(IF(Q61="",-1,Q61)<=1))*(1-(IF(Q61="",-1,Q61)=0)),IF(C61="peso_corporal",IF(ISNUMBER(E61),E61,0)+O61,O61)*(30+P61)*100+O61,0)=AA61,4,IF(IF((M61>=3)*(1-(IF(N61="",-1,N61)>=0)*(IF(N61="",-1,N61)<=1))*(1-(IF(N61="",-1,N61)=0)),IF(C61="peso_corporal",IF(ISNUMBER(E61),E61,0)+L61,L61)*(30+M61)*100+L61,0)=AA61,3,IF(IF((J61>=3)*(1-(IF(K61="",-1,K61)>=0)*(IF(K61="",-1,K61)<=1))*(1-(IF(K61="",-1,K61)=0)),IF(C61="peso_corporal",IF(ISNUMBER(E61),E61,0)+I61,I61)*(30+J61)*100+I61,0)=AA61,2,IF(IF((G61>=3)*(1-(IF(H61="",-1,H61)>=0)*(IF(H61="",-1,H61)<=1))*(1-(IF(H61="",-1,H61)=0)),IF(C61="peso_corporal",IF(ISNUMBER(E61),E61,0)+F61,F61)*(30+G61)*100+F61,0)=AA61,1,0)))))) -> 0 | AC61: =IF(X61>0,"A"&X61,IF(Z61>0,"B"&Z61,IF(AB61>0,"C"&AB61,"")))
A62: Aperturas | B62: Polea Baja Crossover | C62: =IFERROR(INDEX(EJERCICIOS!$D$3:$D$75,MATCH(A62&"|"&B62,EJERCICIOS!$G$3:$G$75,0)),"--") -> -- | D62: 3 | E62: =IFERROR(LOOKUP(2,1/(MEDIDAS_Y_PESO!$B$3:$B$5<>""),MEDIDAS_Y_PESO!$B$3:$B$5),"--") -> 80 | U62: =IFERROR(IF(IF(X62>0,X62,IF(Z62>0,Z62,IF(AB62>0,AB62,0)))=0,"--",ROUND(CHOOSE(IF(X62>0,X62,IF(Z62>0,Z62,IF(AB62>0,AB62,0))),IF(C62="peso_corporal",IF(ISNUMBER(E62),E62,0)+F62,F62)*(1+G62/30),IF(C62="peso_corporal",IF(ISNUMBER(E62),E62,0)+I62,I62)*(1+J62/30),IF(C62="peso_corporal",IF(ISNUMBER(E62),E62,0)+L62,L62)*(1+M62/30),IF(C62="peso_corporal",IF(ISNUMBER(E62),E62,0)+O62,O62)*(1+P62/30),IF(C62="peso_corporal",IF(ISNUMBER(E62),E62,0)+R62,R62)*(1+S62/30)),1)),"--") -> -- | V62: =IF(SUGERENCIAS!N133="SIN","Sin datos anteriores",IF(SUGERENCIAS!N133="SUBIR_F","^ SUBIR FUERTE | Kg:"&ROUND(SUGERENCIAS!K133,1)&" R:"&ROUND(SUGERENCIAS!L133,0)&" RIR:"&ROUND(SUGERENCIAS!M133,0),IF(SUGERENCIAS!N133="SUBIR_E","^ SUBIR (Est.) | Kg:"&ROUND(SUGERENCIAS!K133,1)&" R:"&ROUND(SUGERENCIAS!L133,0)&" RIR:"&ROUND(SUGERENCIAS!M133,0),IF(SUGERENCIAS!N133="SUBIR","^ SUBIR | Kg:"&ROUND(SUGERENCIAS!K133,1)&" R:"&ROUND(SUGERENCIAS!L133,0)&" RIR:"&ROUND(SUGERENCIAS!M133,0),IF(SUGERENCIAS!N133="BAJAR","v BAJAR | Kg:"&ROUND(SUGERENCIAS!K133,1)&" R:"&ROUND(SUGERENCIAS!L133,0)&" RIR:"&ROUND(SUGERENCIAS!M133,0),"= MANT | Kg:"&ROUND(SUGERENCIAS!K133,1)&" R:"&ROUND(SUGERENCIAS!L133,0)&" RIR:"&ROUND(SUGERENCIAS!M133,0)))))) -> Sin datos anteriores | W62: =MAX(IF((G62>0)*(IF(H62="",-1,H62)>=0)*(IF(H62="",-1,H62)<=1),IF(C62="peso_corporal",IF(ISNUMBER(E62),E62,0)+F62,F62)*G62*1000+F62,0),IF((J62>0)*(IF(K62="",-1,K62)>=0)*(IF(K62="",-1,K62)<=1),IF(C62="peso_corporal",IF(ISNUMBER(E62),E62,0)+I62,I62)*J62*1000+I62,0),IF((M62>0)*(IF(N62="",-1,N62)>=0)*(IF(N62="",-1,N62)<=1),IF(C62="peso_corporal",IF(ISNUMBER(E62),E62,0)+L62,L62)*M62*1000+L62,0),IF((P62>0)*(IF(Q62="",-1,Q62)>=0)*(IF(Q62="",-1,Q62)<=1),IF(C62="peso_corporal",IF(ISNUMBER(E62),E62,0)+O62,O62)*P62*1000+O62,0),IF((S62>0)*(IF(T62="",-1,T62)>=0)*(IF(T62="",-1,T62)<=1),IF(C62="peso_corporal",IF(ISNUMBER(E62),E62,0)+R62,R62)*S62*1000+R62,0)) -> 0 | X62: =IF(W62=0,0,IF(IF((S62>0)*(IF(T62="",-1,T62)>=0)*(IF(T62="",-1,T62)<=1),IF(C62="peso_corporal",IF(ISNUMBER(E62),E62,0)+R62,R62)*S62*1000+R62,0)=W62,5,IF(IF((P62>0)*(IF(Q62="",-1,Q62)>=0)*(IF(Q62="",-1,Q62)<=1),IF(C62="peso_corporal",IF(ISNUMBER(E62),E62,0)+O62,O62)*P62*1000+O62,0)=W62,4,IF(IF((M62>0)*(IF(N62="",-1,N62)>=0)*(IF(N62="",-1,N62)<=1),IF(C62="peso_corporal",IF(ISNUMBER(E62),E62,0)+L62,L62)*M62*1000+L62,0)=W62,3,IF(IF((J62>0)*(IF(K62="",-1,K62)>=0)*(IF(K62="",-1,K62)<=1),IF(C62="peso_corporal",IF(ISNUMBER(E62),E62,0)+I62,I62)*J62*1000+I62,0)=W62,2,IF(IF((G62>0)*(IF(H62="",-1,H62)>=0)*(IF(H62="",-1,H62)<=1),IF(C62="peso_corporal",IF(ISNUMBER(E62),E62,0)+F62,F62)*G62*1000+F62,0)=W62,1,0)))))) -> 0 | Y62: =MAX(IF((G62>0)*(IF(H62="",-1,H62)=0)*(1-(IF(H62="",-1,H62)>=0)*(IF(H62="",-1,H62)<=1)),IF(C62="peso_corporal",IF(ISNUMBER(E62),E62,0)+F62,F62)*G62*1000+F62,0),IF((J62>0)*(IF(K62="",-1,K62)=0)*(1-(IF(K62="",-1,K62)>=0)*(IF(K62="",-1,K62)<=1)),IF(C62="peso_corporal",IF(ISNUMBER(E62),E62,0)+I62,I62)*J62*1000+I62,0),IF((M62>0)*(IF(N62="",-1,N62)=0)*(1-(IF(N62="",-1,N62)>=0)*(IF(N62="",-1,N62)<=1)),IF(C62="peso_corporal",IF(ISNUMBER(E62),E62,0)+L62,L62)*M62*1000+L62,0),IF((P62>0)*(IF(Q62="",-1,Q62)=0)*(1-(IF(Q62="",-1,Q62)>=0)*(IF(Q62="",-1,Q62)<=1)),IF(C62="peso_corporal",IF(ISNUMBER(E62),E62,0)+O62,O62)*P62*1000+O62,0),IF((S62>0)*(IF(T62="",-1,T62)=0)*(1-(IF(T62="",-1,T62)>=0)*(IF(T62="",-1,T62)<=1)),IF(C62="peso_corporal",IF(ISNUMBER(E62),E62,0)+R62,R62)*S62*1000+R62,0)) -> 0 | Z62: =IF(Y62=0,0,IF(IF((S62>0)*(IF(T62="",-1,T62)=0)*(1-(IF(T62="",-1,T62)>=0)*(IF(T62="",-1,T62)<=1)),IF(C62="peso_corporal",IF(ISNUMBER(E62),E62,0)+R62,R62)*S62*1000+R62,0)=Y62,5,IF(IF((P62>0)*(IF(Q62="",-1,Q62)=0)*(1-(IF(Q62="",-1,Q62)>=0)*(IF(Q62="",-1,Q62)<=1)),IF(C62="peso_corporal",IF(ISNUMBER(E62),E62,0)+O62,O62)*P62*1000+O62,0)=Y62,4,IF(IF((M62>0)*(IF(N62="",-1,N62)=0)*(1-(IF(N62="",-1,N62)>=0)*(IF(N62="",-1,N62)<=1)),IF(C62="peso_corporal",IF(ISNUMBER(E62),E62,0)+L62,L62)*M62*1000+L62,0)=Y62,3,IF(IF((J62>0)*(IF(K62="",-1,K62)=0)*(1-(IF(K62="",-1,K62)>=0)*(IF(K62="",-1,K62)<=1)),IF(C62="peso_corporal",IF(ISNUMBER(E62),E62,0)+I62,I62)*J62*1000+I62,0)=Y62,2,IF(IF((G62>0)*(IF(H62="",-1,H62)=0)*(1-(IF(H62="",-1,H62)>=0)*(IF(H62="",-1,H62)<=1)),IF(C62="peso_corporal",IF(ISNUMBER(E62),E62,0)+F62,F62)*G62*1000+F62,0)=Y62,1,0)))))) -> 0 | AA62: =MAX(IF((G62>=3)*(1-(IF(H62="",-1,H62)>=0)*(IF(H62="",-1,H62)<=1))*(1-(IF(H62="",-1,H62)=0)),IF(C62="peso_corporal",IF(ISNUMBER(E62),E62,0)+F62,F62)*(30+G62)*100+F62,0),IF((J62>=3)*(1-(IF(K62="",-1,K62)>=0)*(IF(K62="",-1,K62)<=1))*(1-(IF(K62="",-1,K62)=0)),IF(C62="peso_corporal",IF(ISNUMBER(E62),E62,0)+I62,I62)*(30+J62)*100+I62,0),IF((M62>=3)*(1-(IF(N62="",-1,N62)>=0)*(IF(N62="",-1,N62)<=1))*(1-(IF(N62="",-1,N62)=0)),IF(C62="peso_corporal",IF(ISNUMBER(E62),E62,0)+L62,L62)*(30+M62)*100+L62,0),IF((P62>=3)*(1-(IF(Q62="",-1,Q62)>=0)*(IF(Q62="",-1,Q62)<=1))*(1-(IF(Q62="",-1,Q62)=0)),IF(C62="peso_corporal",IF(ISNUMBER(E62),E62,0)+O62,O62)*(30+P62)*100+O62,0),IF((S62>=3)*(1-(IF(T62="",-1,T62)>=0)*(IF(T62="",-1,T62)<=1))*(1-(IF(T62="",-1,T62)=0)),IF(C62="peso_corporal",IF(ISNUMBER(E62),E62,0)+R62,R62)*(30+S62)*100+R62,0)) -> 0 | AB62: =IF(AA62=0,0,IF(IF((S62>=3)*(1-(IF(T62="",-1,T62)>=0)*(IF(T62="",-1,T62)<=1))*(1-(IF(T62="",-1,T62)=0)),IF(C62="peso_corporal",IF(ISNUMBER(E62),E62,0)+R62,R62)*(30+S62)*100+R62,0)=AA62,5,IF(IF((P62>=3)*(1-(IF(Q62="",-1,Q62)>=0)*(IF(Q62="",-1,Q62)<=1))*(1-(IF(Q62="",-1,Q62)=0)),IF(C62="peso_corporal",IF(ISNUMBER(E62),E62,0)+O62,O62)*(30+P62)*100+O62,0)=AA62,4,IF(IF((M62>=3)*(1-(IF(N62="",-1,N62)>=0)*(IF(N62="",-1,N62)<=1))*(1-(IF(N62="",-1,N62)=0)),IF(C62="peso_corporal",IF(ISNUMBER(E62),E62,0)+L62,L62)*(30+M62)*100+L62,0)=AA62,3,IF(IF((J62>=3)*(1-(IF(K62="",-1,K62)>=0)*(IF(K62="",-1,K62)<=1))*(1-(IF(K62="",-1,K62)=0)),IF(C62="peso_corporal",IF(ISNUMBER(E62),E62,0)+I62,I62)*(30+J62)*100+I62,0)=AA62,2,IF(IF((G62>=3)*(1-(IF(H62="",-1,H62)>=0)*(IF(H62="",-1,H62)<=1))*(1-(IF(H62="",-1,H62)=0)),IF(C62="peso_corporal",IF(ISNUMBER(E62),E62,0)+F62,F62)*(30+G62)*100+F62,0)=AA62,1,0)))))) -> 0 | AC62: =IF(X62>0,"A"&X62,IF(Z62>0,"B"&Z62,IF(AB62>0,"C"&AB62,"")))
A63: Aperturas | B63: Pec Deck Maquina | C63: =IFERROR(INDEX(EJERCICIOS!$D$3:$D$75,MATCH(A63&"|"&B63,EJERCICIOS!$G$3:$G$75,0)),"--") -> -- | D63: 3 | E63: =IFERROR(LOOKUP(2,1/(MEDIDAS_Y_PESO!$B$3:$B$5<>""),MEDIDAS_Y_PESO!$B$3:$B$5),"--") -> 80 | U63: =IFERROR(IF(IF(X63>0,X63,IF(Z63>0,Z63,IF(AB63>0,AB63,0)))=0,"--",ROUND(CHOOSE(IF(X63>0,X63,IF(Z63>0,Z63,IF(AB63>0,AB63,0))),IF(C63="peso_corporal",IF(ISNUMBER(E63),E63,0)+F63,F63)*(1+G63/30),IF(C63="peso_corporal",IF(ISNUMBER(E63),E63,0)+I63,I63)*(1+J63/30),IF(C63="peso_corporal",IF(ISNUMBER(E63),E63,0)+L63,L63)*(1+M63/30),IF(C63="peso_corporal",IF(ISNUMBER(E63),E63,0)+O63,O63)*(1+P63/30),IF(C63="peso_corporal",IF(ISNUMBER(E63),E63,0)+R63,R63)*(1+S63/30)),1)),"--") -> -- | V63: =IF(SUGERENCIAS!N134="SIN","Sin datos anteriores",IF(SUGERENCIAS!N134="SUBIR_F","^ SUBIR FUERTE | Kg:"&ROUND(SUGERENCIAS!K134,1)&" R:"&ROUND(SUGERENCIAS!L134,0)&" RIR:"&ROUND(SUGERENCIAS!M134,0),IF(SUGERENCIAS!N134="SUBIR_E","^ SUBIR (Est.) | Kg:"&ROUND(SUGERENCIAS!K134,1)&" R:"&ROUND(SUGERENCIAS!L134,0)&" RIR:"&ROUND(SUGERENCIAS!M134,0),IF(SUGERENCIAS!N134="SUBIR","^ SUBIR | Kg:"&ROUND(SUGERENCIAS!K134,1)&" R:"&ROUND(SUGERENCIAS!L134,0)&" RIR:"&ROUND(SUGERENCIAS!M134,0),IF(SUGERENCIAS!N134="BAJAR","v BAJAR | Kg:"&ROUND(SUGERENCIAS!K134,1)&" R:"&ROUND(SUGERENCIAS!L134,0)&" RIR:"&ROUND(SUGERENCIAS!M134,0),"= MANT | Kg:"&ROUND(SUGERENCIAS!K134,1)&" R:"&ROUND(SUGERENCIAS!L134,0)&" RIR:"&ROUND(SUGERENCIAS!M134,0)))))) -> Sin datos anteriores | W63: =MAX(IF((G63>0)*(IF(H63="",-1,H63)>=0)*(IF(H63="",-1,H63)<=1),IF(C63="peso_corporal",IF(ISNUMBER(E63),E63,0)+F63,F63)*G63*1000+F63,0),IF((J63>0)*(IF(K63="",-1,K63)>=0)*(IF(K63="",-1,K63)<=1),IF(C63="peso_corporal",IF(ISNUMBER(E63),E63,0)+I63,I63)*J63*1000+I63,0),IF((M63>0)*(IF(N63="",-1,N63)>=0)*(IF(N63="",-1,N63)<=1),IF(C63="peso_corporal",IF(ISNUMBER(E63),E63,0)+L63,L63)*M63*1000+L63,0),IF((P63>0)*(IF(Q63="",-1,Q63)>=0)*(IF(Q63="",-1,Q63)<=1),IF(C63="peso_corporal",IF(ISNUMBER(E63),E63,0)+O63,O63)*P63*1000+O63,0),IF((S63>0)*(IF(T63="",-1,T63)>=0)*(IF(T63="",-1,T63)<=1),IF(C63="peso_corporal",IF(ISNUMBER(E63),E63,0)+R63,R63)*S63*1000+R63,0)) -> 0 | X63: =IF(W63=0,0,IF(IF((S63>0)*(IF(T63="",-1,T63)>=0)*(IF(T63="",-1,T63)<=1),IF(C63="peso_corporal",IF(ISNUMBER(E63),E63,0)+R63,R63)*S63*1000+R63,0)=W63,5,IF(IF((P63>0)*(IF(Q63="",-1,Q63)>=0)*(IF(Q63="",-1,Q63)<=1),IF(C63="peso_corporal",IF(ISNUMBER(E63),E63,0)+O63,O63)*P63*1000+O63,0)=W63,4,IF(IF((M63>0)*(IF(N63="",-1,N63)>=0)*(IF(N63="",-1,N63)<=1),IF(C63="peso_corporal",IF(ISNUMBER(E63),E63,0)+L63,L63)*M63*1000+L63,0)=W63,3,IF(IF((J63>0)*(IF(K63="",-1,K63)>=0)*(IF(K63="",-1,K63)<=1),IF(C63="peso_corporal",IF(ISNUMBER(E63),E63,0)+I63,I63)*J63*1000+I63,0)=W63,2,IF(IF((G63>0)*(IF(H63="",-1,H63)>=0)*(IF(H63="",-1,H63)<=1),IF(C63="peso_corporal",IF(ISNUMBER(E63),E63,0)+F63,F63)*G63*1000+F63,0)=W63,1,0)))))) -> 0 | Y63: =MAX(IF((G63>0)*(IF(H63="",-1,H63)=0)*(1-(IF(H63="",-1,H63)>=0)*(IF(H63="",-1,H63)<=1)),IF(C63="peso_corporal",IF(ISNUMBER(E63),E63,0)+F63,F63)*G63*1000+F63,0),IF((J63>0)*(IF(K63="",-1,K63)=0)*(1-(IF(K63="",-1,K63)>=0)*(IF(K63="",-1,K63)<=1)),IF(C63="peso_corporal",IF(ISNUMBER(E63),E63,0)+I63,I63)*J63*1000+I63,0),IF((M63>0)*(IF(N63="",-1,N63)=0)*(1-(IF(N63="",-1,N63)>=0)*(IF(N63="",-1,N63)<=1)),IF(C63="peso_corporal",IF(ISNUMBER(E63),E63,0)+L63,L63)*M63*1000+L63,0),IF((P63>0)*(IF(Q63="",-1,Q63)=0)*(1-(IF(Q63="",-1,Q63)>=0)*(IF(Q63="",-1,Q63)<=1)),IF(C63="peso_corporal",IF(ISNUMBER(E63),E63,0)+O63,O63)*P63*1000+O63,0),IF((S63>0)*(IF(T63="",-1,T63)=0)*(1-(IF(T63="",-1,T63)>=0)*(IF(T63="",-1,T63)<=1)),IF(C63="peso_corporal",IF(ISNUMBER(E63),E63,0)+R63,R63)*S63*1000+R63,0)) -> 0 | Z63: =IF(Y63=0,0,IF(IF((S63>0)*(IF(T63="",-1,T63)=0)*(1-(IF(T63="",-1,T63)>=0)*(IF(T63="",-1,T63)<=1)),IF(C63="peso_corporal",IF(ISNUMBER(E63),E63,0)+R63,R63)*S63*1000+R63,0)=Y63,5,IF(IF((P63>0)*(IF(Q63="",-1,Q63)=0)*(1-(IF(Q63="",-1,Q63)>=0)*(IF(Q63="",-1,Q63)<=1)),IF(C63="peso_corporal",IF(ISNUMBER(E63),E63,0)+O63,O63)*P63*1000+O63,0)=Y63,4,IF(IF((M63>0)*(IF(N63="",-1,N63)=0)*(1-(IF(N63="",-1,N63)>=0)*(IF(N63="",-1,N63)<=1)),IF(C63="peso_corporal",IF(ISNUMBER(E63),E63,0)+L63,L63)*M63*1000+L63,0)=Y63,3,IF(IF((J63>0)*(IF(K63="",-1,K63)=0)*(1-(IF(K63="",-1,K63)>=0)*(IF(K63="",-1,K63)<=1)),IF(C63="peso_corporal",IF(ISNUMBER(E63),E63,0)+I63,I63)*J63*1000+I63,0)=Y63,2,IF(IF((G63>0)*(IF(H63="",-1,H63)=0)*(1-(IF(H63="",-1,H63)>=0)*(IF(H63="",-1,H63)<=1)),IF(C63="peso_corporal",IF(ISNUMBER(E63),E63,0)+F63,F63)*G63*1000+F63,0)=Y63,1,0)))))) -> 0 | AA63: =MAX(IF((G63>=3)*(1-(IF(H63="",-1,H63)>=0)*(IF(H63="",-1,H63)<=1))*(1-(IF(H63="",-1,H63)=0)),IF(C63="peso_corporal",IF(ISNUMBER(E63),E63,0)+F63,F63)*(30+G63)*100+F63,0),IF((J63>=3)*(1-(IF(K63="",-1,K63)>=0)*(IF(K63="",-1,K63)<=1))*(1-(IF(K63="",-1,K63)=0)),IF(C63="peso_corporal",IF(ISNUMBER(E63),E63,0)+I63,I63)*(30+J63)*100+I63,0),IF((M63>=3)*(1-(IF(N63="",-1,N63)>=0)*(IF(N63="",-1,N63)<=1))*(1-(IF(N63="",-1,N63)=0)),IF(C63="peso_corporal",IF(ISNUMBER(E63),E63,0)+L63,L63)*(30+M63)*100+L63,0),IF((P63>=3)*(1-(IF(Q63="",-1,Q63)>=0)*(IF(Q63="",-1,Q63)<=1))*(1-(IF(Q63="",-1,Q63)=0)),IF(C63="peso_corporal",IF(ISNUMBER(E63),E63,0)+O63,O63)*(30+P63)*100+O63,0),IF((S63>=3)*(1-(IF(T63="",-1,T63)>=0)*(IF(T63="",-1,T63)<=1))*(1-(IF(T63="",-1,T63)=0)),IF(C63="peso_corporal",IF(ISNUMBER(E63),E63,0)+R63,R63)*(30+S63)*100+R63,0)) -> 0 | AB63: =IF(AA63=0,0,IF(IF((S63>=3)*(1-(IF(T63="",-1,T63)>=0)*(IF(T63="",-1,T63)<=1))*(1-(IF(T63="",-1,T63)=0)),IF(C63="peso_corporal",IF(ISNUMBER(E63),E63,0)+R63,R63)*(30+S63)*100+R63,0)=AA63,5,IF(IF((P63>=3)*(1-(IF(Q63="",-1,Q63)>=0)*(IF(Q63="",-1,Q63)<=1))*(1-(IF(Q63="",-1,Q63)=0)),IF(C63="peso_corporal",IF(ISNUMBER(E63),E63,0)+O63,O63)*(30+P63)*100+O63,0)=AA63,4,IF(IF((M63>=3)*(1-(IF(N63="",-1,N63)>=0)*(IF(N63="",-1,N63)<=1))*(1-(IF(N63="",-1,N63)=0)),IF(C63="peso_corporal",IF(ISNUMBER(E63),E63,0)+L63,L63)*(30+M63)*100+L63,0)=AA63,3,IF(IF((J63>=3)*(1-(IF(K63="",-1,K63)>=0)*(IF(K63="",-1,K63)<=1))*(1-(IF(K63="",-1,K63)=0)),IF(C63="peso_corporal",IF(ISNUMBER(E63),E63,0)+I63,I63)*(30+J63)*100+I63,0)=AA63,2,IF(IF((G63>=3)*(1-(IF(H63="",-1,H63)>=0)*(IF(H63="",-1,H63)<=1))*(1-(IF(H63="",-1,H63)=0)),IF(C63="peso_corporal",IF(ISNUMBER(E63),E63,0)+F63,F63)*(30+G63)*100+F63,0)=AA63,1,0)))))) -> 0 | AC63: =IF(X63>0,"A"&X63,IF(Z63>0,"B"&Z63,IF(AB63>0,"C"&AB63,"")))
A64: — HOMBRO —
A65: Elevaciones Laterales | B65: Cable Polea Individual | C65: =IFERROR(INDEX(EJERCICIOS!$D$3:$D$75,MATCH(A65&"|"&B65,EJERCICIOS!$G$3:$G$75,0)),"--") -> polea | D65: 3 | E65: =IFERROR(LOOKUP(2,1/(MEDIDAS_Y_PESO!$B$3:$B$5<>""),MEDIDAS_Y_PESO!$B$3:$B$5),"--") -> 80 | U65: =IFERROR(IF(IF(X65>0,X65,IF(Z65>0,Z65,IF(AB65>0,AB65,0)))=0,"--",ROUND(CHOOSE(IF(X65>0,X65,IF(Z65>0,Z65,IF(AB65>0,AB65,0))),IF(C65="peso_corporal",IF(ISNUMBER(E65),E65,0)+F65,F65)*(1+G65/30),IF(C65="peso_corporal",IF(ISNUMBER(E65),E65,0)+I65,I65)*(1+J65/30),IF(C65="peso_corporal",IF(ISNUMBER(E65),E65,0)+L65,L65)*(1+M65/30),IF(C65="peso_corporal",IF(ISNUMBER(E65),E65,0)+O65,O65)*(1+P65/30),IF(C65="peso_corporal",IF(ISNUMBER(E65),E65,0)+R65,R65)*(1+S65/30)),1)),"--") -> -- | V65: =IF(SUGERENCIAS!N135="SIN","Sin datos anteriores",IF(SUGERENCIAS!N135="SUBIR_F","^ SUBIR FUERTE | Kg:"&ROUND(SUGERENCIAS!K135,1)&" R:"&ROUND(SUGERENCIAS!L135,0)&" RIR:"&ROUND(SUGERENCIAS!M135,0),IF(SUGERENCIAS!N135="SUBIR_E","^ SUBIR (Est.) | Kg:"&ROUND(SUGERENCIAS!K135,1)&" R:"&ROUND(SUGERENCIAS!L135,0)&" RIR:"&ROUND(SUGERENCIAS!M135,0),IF(SUGERENCIAS!N135="SUBIR","^ SUBIR | Kg:"&ROUND(SUGERENCIAS!K135,1)&" R:"&ROUND(SUGERENCIAS!L135,0)&" RIR:"&ROUND(SUGERENCIAS!M135,0),IF(SUGERENCIAS!N135="BAJAR","v BAJAR | Kg:"&ROUND(SUGERENCIAS!K135,1)&" R:"&ROUND(SUGERENCIAS!L135,0)&" RIR:"&ROUND(SUGERENCIAS!M135,0),"= MANT | Kg:"&ROUND(SUGERENCIAS!K135,1)&" R:"&ROUND(SUGERENCIAS!L135,0)&" RIR:"&ROUND(SUGERENCIAS!M135,0)))))) -> Sin datos anteriores | W65: =MAX(IF((G65>0)*(IF(H65="",-1,H65)>=0)*(IF(H65="",-1,H65)<=1),IF(C65="peso_corporal",IF(ISNUMBER(E65),E65,0)+F65,F65)*G65*1000+F65,0),IF((J65>0)*(IF(K65="",-1,K65)>=0)*(IF(K65="",-1,K65)<=1),IF(C65="peso_corporal",IF(ISNUMBER(E65),E65,0)+I65,I65)*J65*1000+I65,0),IF((M65>0)*(IF(N65="",-1,N65)>=0)*(IF(N65="",-1,N65)<=1),IF(C65="peso_corporal",IF(ISNUMBER(E65),E65,0)+L65,L65)*M65*1000+L65,0),IF((P65>0)*(IF(Q65="",-1,Q65)>=0)*(IF(Q65="",-1,Q65)<=1),IF(C65="peso_corporal",IF(ISNUMBER(E65),E65,0)+O65,O65)*P65*1000+O65,0),IF((S65>0)*(IF(T65="",-1,T65)>=0)*(IF(T65="",-1,T65)<=1),IF(C65="peso_corporal",IF(ISNUMBER(E65),E65,0)+R65,R65)*S65*1000+R65,0)) -> 0 | X65: =IF(W65=0,0,IF(IF((S65>0)*(IF(T65="",-1,T65)>=0)*(IF(T65="",-1,T65)<=1),IF(C65="peso_corporal",IF(ISNUMBER(E65),E65,0)+R65,R65)*S65*1000+R65,0)=W65,5,IF(IF((P65>0)*(IF(Q65="",-1,Q65)>=0)*(IF(Q65="",-1,Q65)<=1),IF(C65="peso_corporal",IF(ISNUMBER(E65),E65,0)+O65,O65)*P65*1000+O65,0)=W65,4,IF(IF((M65>0)*(IF(N65="",-1,N65)>=0)*(IF(N65="",-1,N65)<=1),IF(C65="peso_corporal",IF(ISNUMBER(E65),E65,0)+L65,L65)*M65*1000+L65,0)=W65,3,IF(IF((J65>0)*(IF(K65="",-1,K65)>=0)*(IF(K65="",-1,K65)<=1),IF(C65="peso_corporal",IF(ISNUMBER(E65),E65,0)+I65,I65)*J65*1000+I65,0)=W65,2,IF(IF((G65>0)*(IF(H65="",-1,H65)>=0)*(IF(H65="",-1,H65)<=1),IF(C65="peso_corporal",IF(ISNUMBER(E65),E65,0)+F65,F65)*G65*1000+F65,0)=W65,1,0)))))) -> 0 | Y65: =MAX(IF((G65>0)*(IF(H65="",-1,H65)=0)*(1-(IF(H65="",-1,H65)>=0)*(IF(H65="",-1,H65)<=1)),IF(C65="peso_corporal",IF(ISNUMBER(E65),E65,0)+F65,F65)*G65*1000+F65,0),IF((J65>0)*(IF(K65="",-1,K65)=0)*(1-(IF(K65="",-1,K65)>=0)*(IF(K65="",-1,K65)<=1)),IF(C65="peso_corporal",IF(ISNUMBER(E65),E65,0)+I65,I65)*J65*1000+I65,0),IF((M65>0)*(IF(N65="",-1,N65)=0)*(1-(IF(N65="",-1,N65)>=0)*(IF(N65="",-1,N65)<=1)),IF(C65="peso_corporal",IF(ISNUMBER(E65),E65,0)+L65,L65)*M65*1000+L65,0),IF((P65>0)*(IF(Q65="",-1,Q65)=0)*(1-(IF(Q65="",-1,Q65)>=0)*(IF(Q65="",-1,Q65)<=1)),IF(C65="peso_corporal",IF(ISNUMBER(E65),E65,0)+O65,O65)*P65*1000+O65,0),IF((S65>0)*(IF(T65="",-1,T65)=0)*(1-(IF(T65="",-1,T65)>=0)*(IF(T65="",-1,T65)<=1)),IF(C65="peso_corporal",IF(ISNUMBER(E65),E65,0)+R65,R65)*S65*1000+R65,0)) -> 0 | Z65: =IF(Y65=0,0,IF(IF((S65>0)*(IF(T65="",-1,T65)=0)*(1-(IF(T65="",-1,T65)>=0)*(IF(T65="",-1,T65)<=1)),IF(C65="peso_corporal",IF(ISNUMBER(E65),E65,0)+R65,R65)*S65*1000+R65,0)=Y65,5,IF(IF((P65>0)*(IF(Q65="",-1,Q65)=0)*(1-(IF(Q65="",-1,Q65)>=0)*(IF(Q65="",-1,Q65)<=1)),IF(C65="peso_corporal",IF(ISNUMBER(E65),E65,0)+O65,O65)*P65*1000+O65,0)=Y65,4,IF(IF((M65>0)*(IF(N65="",-1,N65)=0)*(1-(IF(N65="",-1,N65)>=0)*(IF(N65="",-1,N65)<=1)),IF(C65="peso_corporal",IF(ISNUMBER(E65),E65,0)+L65,L65)*M65*1000+L65,0)=Y65,3,IF(IF((J65>0)*(IF(K65="",-1,K65)=0)*(1-(IF(K65="",-1,K65)>=0)*(IF(K65="",-1,K65)<=1)),IF(C65="peso_corporal",IF(ISNUMBER(E65),E65,0)+I65,I65)*J65*1000+I65,0)=Y65,2,IF(IF((G65>0)*(IF(H65="",-1,H65)=0)*(1-(IF(H65="",-1,H65)>=0)*(IF(H65="",-1,H65)<=1)),IF(C65="peso_corporal",IF(ISNUMBER(E65),E65,0)+F65,F65)*G65*1000+F65,0)=Y65,1,0)))))) -> 0 | AA65: =MAX(IF((G65>=3)*(1-(IF(H65="",-1,H65)>=0)*(IF(H65="",-1,H65)<=1))*(1-(IF(H65="",-1,H65)=0)),IF(C65="peso_corporal",IF(ISNUMBER(E65),E65,0)+F65,F65)*(30+G65)*100+F65,0),IF((J65>=3)*(1-(IF(K65="",-1,K65)>=0)*(IF(K65="",-1,K65)<=1))*(1-(IF(K65="",-1,K65)=0)),IF(C65="peso_corporal",IF(ISNUMBER(E65),E65,0)+I65,I65)*(30+J65)*100+I65,0),IF((M65>=3)*(1-(IF(N65="",-1,N65)>=0)*(IF(N65="",-1,N65)<=1))*(1-(IF(N65="",-1,N65)=0)),IF(C65="peso_corporal",IF(ISNUMBER(E65),E65,0)+L65,L65)*(30+M65)*100+L65,0),IF((P65>=3)*(1-(IF(Q65="",-1,Q65)>=0)*(IF(Q65="",-1,Q65)<=1))*(1-(IF(Q65="",-1,Q65)=0)),IF(C65="peso_corporal",IF(ISNUMBER(E65),E65,0)+O65,O65)*(30+P65)*100+O65,0),IF((S65>=3)*(1-(IF(T65="",-1,T65)>=0)*(IF(T65="",-1,T65)<=1))*(1-(IF(T65="",-1,T65)=0)),IF(C65="peso_corporal",IF(ISNUMBER(E65),E65,0)+R65,R65)*(30+S65)*100+R65,0)) -> 0 | AB65: =IF(AA65=0,0,IF(IF((S65>=3)*(1-(IF(T65="",-1,T65)>=0)*(IF(T65="",-1,T65)<=1))*(1-(IF(T65="",-1,T65)=0)),IF(C65="peso_corporal",IF(ISNUMBER(E65),E65,0)+R65,R65)*(30+S65)*100+R65,0)=AA65,5,IF(IF((P65>=3)*(1-(IF(Q65="",-1,Q65)>=0)*(IF(Q65="",-1,Q65)<=1))*(1-(IF(Q65="",-1,Q65)=0)),IF(C65="peso_corporal",IF(ISNUMBER(E65),E65,0)+O65,O65)*(30+P65)*100+O65,0)=AA65,4,IF(IF((M65>=3)*(1-(IF(N65="",-1,N65)>=0)*(IF(N65="",-1,N65)<=1))*(1-(IF(N65="",-1,N65)=0)),IF(C65="peso_corporal",IF(ISNUMBER(E65),E65,0)+L65,L65)*(30+M65)*100+L65,0)=AA65,3,IF(IF((J65>=3)*(1-(IF(K65="",-1,K65)>=0)*(IF(K65="",-1,K65)<=1))*(1-(IF(K65="",-1,K65)=0)),IF(C65="peso_corporal",IF(ISNUMBER(E65),E65,0)+I65,I65)*(30+J65)*100+I65,0)=AA65,2,IF(IF((G65>=3)*(1-(IF(H65="",-1,H65)>=0)*(IF(H65="",-1,H65)<=1))*(1-(IF(H65="",-1,H65)=0)),IF(C65="peso_corporal",IF(ISNUMBER(E65),E65,0)+F65,F65)*(30+G65)*100+F65,0)=AA65,1,0)))))) -> 0 | AC65: =IF(X65>0,"A"&X65,IF(Z65>0,"B"&Z65,IF(AB65>0,"C"&AB65,"")))
A66: Press Militar | B66: Mancuernas Sentado | C66: =IFERROR(INDEX(EJERCICIOS!$D$3:$D$75,MATCH(A66&"|"&B66,EJERCICIOS!$G$3:$G$75,0)),"--") -> mancuerna | D66: 3 | E66: =IFERROR(LOOKUP(2,1/(MEDIDAS_Y_PESO!$B$3:$B$5<>""),MEDIDAS_Y_PESO!$B$3:$B$5),"--") -> 80 | U66: =IFERROR(IF(IF(X66>0,X66,IF(Z66>0,Z66,IF(AB66>0,AB66,0)))=0,"--",ROUND(CHOOSE(IF(X66>0,X66,IF(Z66>0,Z66,IF(AB66>0,AB66,0))),IF(C66="peso_corporal",IF(ISNUMBER(E66),E66,0)+F66,F66)*(1+G66/30),IF(C66="peso_corporal",IF(ISNUMBER(E66),E66,0)+I66,I66)*(1+J66/30),IF(C66="peso_corporal",IF(ISNUMBER(E66),E66,0)+L66,L66)*(1+M66/30),IF(C66="peso_corporal",IF(ISNUMBER(E66),E66,0)+O66,O66)*(1+P66/30),IF(C66="peso_corporal",IF(ISNUMBER(E66),E66,0)+R66,R66)*(1+S66/30)),1)),"--") -> -- | V66: =IF(SUGERENCIAS!N136="SIN","Sin datos anteriores",IF(SUGERENCIAS!N136="SUBIR_F","^ SUBIR FUERTE | Kg:"&ROUND(SUGERENCIAS!K136,1)&" R:"&ROUND(SUGERENCIAS!L136,0)&" RIR:"&ROUND(SUGERENCIAS!M136,0),IF(SUGERENCIAS!N136="SUBIR_E","^ SUBIR (Est.) | Kg:"&ROUND(SUGERENCIAS!K136,1)&" R:"&ROUND(SUGERENCIAS!L136,0)&" RIR:"&ROUND(SUGERENCIAS!M136,0),IF(SUGERENCIAS!N136="SUBIR","^ SUBIR | Kg:"&ROUND(SUGERENCIAS!K136,1)&" R:"&ROUND(SUGERENCIAS!L136,0)&" RIR:"&ROUND(SUGERENCIAS!M136,0),IF(SUGERENCIAS!N136="BAJAR","v BAJAR | Kg:"&ROUND(SUGERENCIAS!K136,1)&" R:"&ROUND(SUGERENCIAS!L136,0)&" RIR:"&ROUND(SUGERENCIAS!M136,0),"= MANT | Kg:"&ROUND(SUGERENCIAS!K136,1)&" R:"&ROUND(SUGERENCIAS!L136,0)&" RIR:"&ROUND(SUGERENCIAS!M136,0)))))) -> Sin datos anteriores | W66: =MAX(IF((G66>0)*(IF(H66="",-1,H66)>=0)*(IF(H66="",-1,H66)<=1),IF(C66="peso_corporal",IF(ISNUMBER(E66),E66,0)+F66,F66)*G66*1000+F66,0),IF((J66>0)*(IF(K66="",-1,K66)>=0)*(IF(K66="",-1,K66)<=1),IF(C66="peso_corporal",IF(ISNUMBER(E66),E66,0)+I66,I66)*J66*1000+I66,0),IF((M66>0)*(IF(N66="",-1,N66)>=0)*(IF(N66="",-1,N66)<=1),IF(C66="peso_corporal",IF(ISNUMBER(E66),E66,0)+L66,L66)*M66*1000+L66,0),IF((P66>0)*(IF(Q66="",-1,Q66)>=0)*(IF(Q66="",-1,Q66)<=1),IF(C66="peso_corporal",IF(ISNUMBER(E66),E66,0)+O66,O66)*P66*1000+O66,0),IF((S66>0)*(IF(T66="",-1,T66)>=0)*(IF(T66="",-1,T66)<=1),IF(C66="peso_corporal",IF(ISNUMBER(E66),E66,0)+R66,R66)*S66*1000+R66,0)) -> 0 | X66: =IF(W66=0,0,IF(IF((S66>0)*(IF(T66="",-1,T66)>=0)*(IF(T66="",-1,T66)<=1),IF(C66="peso_corporal",IF(ISNUMBER(E66),E66,0)+R66,R66)*S66*1000+R66,0)=W66,5,IF(IF((P66>0)*(IF(Q66="",-1,Q66)>=0)*(IF(Q66="",-1,Q66)<=1),IF(C66="peso_corporal",IF(ISNUMBER(E66),E66,0)+O66,O66)*P66*1000+O66,0)=W66,4,IF(IF((M66>0)*(IF(N66="",-1,N66)>=0)*(IF(N66="",-1,N66)<=1),IF(C66="peso_corporal",IF(ISNUMBER(E66),E66,0)+L66,L66)*M66*1000+L66,0)=W66,3,IF(IF((J66>0)*(IF(K66="",-1,K66)>=0)*(IF(K66="",-1,K66)<=1),IF(C66="peso_corporal",IF(ISNUMBER(E66),E66,0)+I66,I66)*J66*1000+I66,0)=W66,2,IF(IF((G66>0)*(IF(H66="",-1,H66)>=0)*(IF(H66="",-1,H66)<=1),IF(C66="peso_corporal",IF(ISNUMBER(E66),E66,0)+F66,F66)*G66*1000+F66,0)=W66,1,0)))))) -> 0 | Y66: =MAX(IF((G66>0)*(IF(H66="",-1,H66)=0)*(1-(IF(H66="",-1,H66)>=0)*(IF(H66="",-1,H66)<=1)),IF(C66="peso_corporal",IF(ISNUMBER(E66),E66,0)+F66,F66)*G66*1000+F66,0),IF((J66>0)*(IF(K66="",-1,K66)=0)*(1-(IF(K66="",-1,K66)>=0)*(IF(K66="",-1,K66)<=1)),IF(C66="peso_corporal",IF(ISNUMBER(E66),E66,0)+I66,I66)*J66*1000+I66,0),IF((M66>0)*(IF(N66="",-1,N66)=0)*(1-(IF(N66="",-1,N66)>=0)*(IF(N66="",-1,N66)<=1)),IF(C66="peso_corporal",IF(ISNUMBER(E66),E66,0)+L66,L66)*M66*1000+L66,0),IF((P66>0)*(IF(Q66="",-1,Q66)=0)*(1-(IF(Q66="",-1,Q66)>=0)*(IF(Q66="",-1,Q66)<=1)),IF(C66="peso_corporal",IF(ISNUMBER(E66),E66,0)+O66,O66)*P66*1000+O66,0),IF((S66>0)*(IF(T66="",-1,T66)=0)*(1-(IF(T66="",-1,T66)>=0)*(IF(T66="",-1,T66)<=1)),IF(C66="peso_corporal",IF(ISNUMBER(E66),E66,0)+R66,R66)*S66*1000+R66,0)) -> 0 | Z66: =IF(Y66=0,0,IF(IF((S66>0)*(IF(T66="",-1,T66)=0)*(1-(IF(T66="",-1,T66)>=0)*(IF(T66="",-1,T66)<=1)),IF(C66="peso_corporal",IF(ISNUMBER(E66),E66,0)+R66,R66)*S66*1000+R66,0)=Y66,5,IF(IF((P66>0)*(IF(Q66="",-1,Q66)=0)*(1-(IF(Q66="",-1,Q66)>=0)*(IF(Q66="",-1,Q66)<=1)),IF(C66="peso_corporal",IF(ISNUMBER(E66),E66,0)+O66,O66)*P66*1000+O66,0)=Y66,4,IF(IF((M66>0)*(IF(N66="",-1,N66)=0)*(1-(IF(N66="",-1,N66)>=0)*(IF(N66="",-1,N66)<=1)),IF(C66="peso_corporal",IF(ISNUMBER(E66),E66,0)+L66,L66)*M66*1000+L66,0)=Y66,3,IF(IF((J66>0)*(IF(K66="",-1,K66)=0)*(1-(IF(K66="",-1,K66)>=0)*(IF(K66="",-1,K66)<=1)),IF(C66="peso_corporal",IF(ISNUMBER(E66),E66,0)+I66,I66)*J66*1000+I66,0)=Y66,2,IF(IF((G66>0)*(IF(H66="",-1,H66)=0)*(1-(IF(H66="",-1,H66)>=0)*(IF(H66="",-1,H66)<=1)),IF(C66="peso_corporal",IF(ISNUMBER(E66),E66,0)+F66,F66)*G66*1000+F66,0)=Y66,1,0)))))) -> 0 | AA66: =MAX(IF((G66>=3)*(1-(IF(H66="",-1,H66)>=0)*(IF(H66="",-1,H66)<=1))*(1-(IF(H66="",-1,H66)=0)),IF(C66="peso_corporal",IF(ISNUMBER(E66),E66,0)+F66,F66)*(30+G66)*100+F66,0),IF((J66>=3)*(1-(IF(K66="",-1,K66)>=0)*(IF(K66="",-1,K66)<=1))*(1-(IF(K66="",-1,K66)=0)),IF(C66="peso_corporal",IF(ISNUMBER(E66),E66,0)+I66,I66)*(30+J66)*100+I66,0),IF((M66>=3)*(1-(IF(N66="",-1,N66)>=0)*(IF(N66="",-1,N66)<=1))*(1-(IF(N66="",-1,N66)=0)),IF(C66="peso_corporal",IF(ISNUMBER(E66),E66,0)+L66,L66)*(30+M66)*100+L66,0),IF((P66>=3)*(1-(IF(Q66="",-1,Q66)>=0)*(IF(Q66="",-1,Q66)<=1))*(1-(IF(Q66="",-1,Q66)=0)),IF(C66="peso_corporal",IF(ISNUMBER(E66),E66,0)+O66,O66)*(30+P66)*100+O66,0),IF((S66>=3)*(1-(IF(T66="",-1,T66)>=0)*(IF(T66="",-1,T66)<=1))*(1-(IF(T66="",-1,T66)=0)),IF(C66="peso_corporal",IF(ISNUMBER(E66),E66,0)+R66,R66)*(30+S66)*100+R66,0)) -> 0 | AB66: =IF(AA66=0,0,IF(IF((S66>=3)*(1-(IF(T66="",-1,T66)>=0)*(IF(T66="",-1,T66)<=1))*(1-(IF(T66="",-1,T66)=0)),IF(C66="peso_corporal",IF(ISNUMBER(E66),E66,0)+R66,R66)*(30+S66)*100+R66,0)=AA66,5,IF(IF((P66>=3)*(1-(IF(Q66="",-1,Q66)>=0)*(IF(Q66="",-1,Q66)<=1))*(1-(IF(Q66="",-1,Q66)=0)),IF(C66="peso_corporal",IF(ISNUMBER(E66),E66,0)+O66,O66)*(30+P66)*100+O66,0)=AA66,4,IF(IF((M66>=3)*(1-(IF(N66="",-1,N66)>=0)*(IF(N66="",-1,N66)<=1))*(1-(IF(N66="",-1,N66)=0)),IF(C66="peso_corporal",IF(ISNUMBER(E66),E66,0)+L66,L66)*(30+M66)*100+L66,0)=AA66,3,IF(IF((J66>=3)*(1-(IF(K66="",-1,K66)>=0)*(IF(K66="",-1,K66)<=1))*(1-(IF(K66="",-1,K66)=0)),IF(C66="peso_corporal",IF(ISNUMBER(E66),E66,0)+I66,I66)*(30+J66)*100+I66,0)=AA66,2,IF(IF((G66>=3)*(1-(IF(H66="",-1,H66)>=0)*(IF(H66="",-1,H66)<=1))*(1-(IF(H66="",-1,H66)=0)),IF(C66="peso_corporal",IF(ISNUMBER(E66),E66,0)+F66,F66)*(30+G66)*100+F66,0)=AA66,1,0)))))) -> 0 | AC66: =IF(X66>0,"A"&X66,IF(Z66>0,"B"&Z66,IF(AB66>0,"C"&AB66,"")))
A67: — TRICEPS —
A68: Extension Triceps | B68: Press Neutro Polea Individual | C68: =IFERROR(INDEX(EJERCICIOS!$D$3:$D$75,MATCH(A68&"|"&B68,EJERCICIOS!$G$3:$G$75,0)),"--") -> -- | D68: 3 | E68: =IFERROR(LOOKUP(2,1/(MEDIDAS_Y_PESO!$B$3:$B$5<>""),MEDIDAS_Y_PESO!$B$3:$B$5),"--") -> 80 | U68: =IFERROR(IF(IF(X68>0,X68,IF(Z68>0,Z68,IF(AB68>0,AB68,0)))=0,"--",ROUND(CHOOSE(IF(X68>0,X68,IF(Z68>0,Z68,IF(AB68>0,AB68,0))),IF(C68="peso_corporal",IF(ISNUMBER(E68),E68,0)+F68,F68)*(1+G68/30),IF(C68="peso_corporal",IF(ISNUMBER(E68),E68,0)+I68,I68)*(1+J68/30),IF(C68="peso_corporal",IF(ISNUMBER(E68),E68,0)+L68,L68)*(1+M68/30),IF(C68="peso_corporal",IF(ISNUMBER(E68),E68,0)+O68,O68)*(1+P68/30),IF(C68="peso_corporal",IF(ISNUMBER(E68),E68,0)+R68,R68)*(1+S68/30)),1)),"--") -> -- | V68: =IF(SUGERENCIAS!N137="SIN","Sin datos anteriores",IF(SUGERENCIAS!N137="SUBIR_F","^ SUBIR FUERTE | Kg:"&ROUND(SUGERENCIAS!K137,1)&" R:"&ROUND(SUGERENCIAS!L137,0)&" RIR:"&ROUND(SUGERENCIAS!M137,0),IF(SUGERENCIAS!N137="SUBIR_E","^ SUBIR (Est.) | Kg:"&ROUND(SUGERENCIAS!K137,1)&" R:"&ROUND(SUGERENCIAS!L137,0)&" RIR:"&ROUND(SUGERENCIAS!M137,0),IF(SUGERENCIAS!N137="SUBIR","^ SUBIR | Kg:"&ROUND(SUGERENCIAS!K137,1)&" R:"&ROUND(SUGERENCIAS!L137,0)&" RIR:"&ROUND(SUGERENCIAS!M137,0),IF(SUGERENCIAS!N137="BAJAR","v BAJAR | Kg:"&ROUND(SUGERENCIAS!K137,1)&" R:"&ROUND(SUGERENCIAS!L137,0)&" RIR:"&ROUND(SUGERENCIAS!M137,0),"= MANT | Kg:"&ROUND(SUGERENCIAS!K137,1)&" R:"&ROUND(SUGERENCIAS!L137,0)&" RIR:"&ROUND(SUGERENCIAS!M137,0)))))) -> Sin datos anteriores | W68: =MAX(IF((G68>0)*(IF(H68="",-1,H68)>=0)*(IF(H68="",-1,H68)<=1),IF(C68="peso_corporal",IF(ISNUMBER(E68),E68,0)+F68,F68)*G68*1000+F68,0),IF((J68>0)*(IF(K68="",-1,K68)>=0)*(IF(K68="",-1,K68)<=1),IF(C68="peso_corporal",IF(ISNUMBER(E68),E68,0)+I68,I68)*J68*1000+I68,0),IF((M68>0)*(IF(N68="",-1,N68)>=0)*(IF(N68="",-1,N68)<=1),IF(C68="peso_corporal",IF(ISNUMBER(E68),E68,0)+L68,L68)*M68*1000+L68,0),IF((P68>0)*(IF(Q68="",-1,Q68)>=0)*(IF(Q68="",-1,Q68)<=1),IF(C68="peso_corporal",IF(ISNUMBER(E68),E68,0)+O68,O68)*P68*1000+O68,0),IF((S68>0)*(IF(T68="",-1,T68)>=0)*(IF(T68="",-1,T68)<=1),IF(C68="peso_corporal",IF(ISNUMBER(E68),E68,0)+R68,R68)*S68*1000+R68,0)) -> 0 | X68: =IF(W68=0,0,IF(IF((S68>0)*(IF(T68="",-1,T68)>=0)*(IF(T68="",-1,T68)<=1),IF(C68="peso_corporal",IF(ISNUMBER(E68),E68,0)+R68,R68)*S68*1000+R68,0)=W68,5,IF(IF((P68>0)*(IF(Q68="",-1,Q68)>=0)*(IF(Q68="",-1,Q68)<=1),IF(C68="peso_corporal",IF(ISNUMBER(E68),E68,0)+O68,O68)*P68*1000+O68,0)=W68,4,IF(IF((M68>0)*(IF(N68="",-1,N68)>=0)*(IF(N68="",-1,N68)<=1),IF(C68="peso_corporal",IF(ISNUMBER(E68),E68,0)+L68,L68)*M68*1000+L68,0)=W68,3,IF(IF((J68>0)*(IF(K68="",-1,K68)>=0)*(IF(K68="",-1,K68)<=1),IF(C68="peso_corporal",IF(ISNUMBER(E68),E68,0)+I68,I68)*J68*1000+I68,0)=W68,2,IF(IF((G68>0)*(IF(H68="",-1,H68)>=0)*(IF(H68="",-1,H68)<=1),IF(C68="peso_corporal",IF(ISNUMBER(E68),E68,0)+F68,F68)*G68*1000+F68,0)=W68,1,0)))))) -> 0 | Y68: =MAX(IF((G68>0)*(IF(H68="",-1,H68)=0)*(1-(IF(H68="",-1,H68)>=0)*(IF(H68="",-1,H68)<=1)),IF(C68="peso_corporal",IF(ISNUMBER(E68),E68,0)+F68,F68)*G68*1000+F68,0),IF((J68>0)*(IF(K68="",-1,K68)=0)*(1-(IF(K68="",-1,K68)>=0)*(IF(K68="",-1,K68)<=1)),IF(C68="peso_corporal",IF(ISNUMBER(E68),E68,0)+I68,I68)*J68*1000+I68,0),IF((M68>0)*(IF(N68="",-1,N68)=0)*(1-(IF(N68="",-1,N68)>=0)*(IF(N68="",-1,N68)<=1)),IF(C68="peso_corporal",IF(ISNUMBER(E68),E68,0)+L68,L68)*M68*1000+L68,0),IF((P68>0)*(IF(Q68="",-1,Q68)=0)*(1-(IF(Q68="",-1,Q68)>=0)*(IF(Q68="",-1,Q68)<=1)),IF(C68="peso_corporal",IF(ISNUMBER(E68),E68,0)+O68,O68)*P68*1000+O68,0),IF((S68>0)*(IF(T68="",-1,T68)=0)*(1-(IF(T68="",-1,T68)>=0)*(IF(T68="",-1,T68)<=1)),IF(C68="peso_corporal",IF(ISNUMBER(E68),E68,0)+R68,R68)*S68*1000+R68,0)) -> 0 | Z68: =IF(Y68=0,0,IF(IF((S68>0)*(IF(T68="",-1,T68)=0)*(1-(IF(T68="",-1,T68)>=0)*(IF(T68="",-1,T68)<=1)),IF(C68="peso_corporal",IF(ISNUMBER(E68),E68,0)+R68,R68)*S68*1000+R68,0)=Y68,5,IF(IF((P68>0)*(IF(Q68="",-1,Q68)=0)*(1-(IF(Q68="",-1,Q68)>=0)*(IF(Q68="",-1,Q68)<=1)),IF(C68="peso_corporal",IF(ISNUMBER(E68),E68,0)+O68,O68)*P68*1000+O68,0)=Y68,4,IF(IF((M68>0)*(IF(N68="",-1,N68)=0)*(1-(IF(N68="",-1,N68)>=0)*(IF(N68="",-1,N68)<=1)),IF(C68="peso_corporal",IF(ISNUMBER(E68),E68,0)+L68,L68)*M68*1000+L68,0)=Y68,3,IF(IF((J68>0)*(IF(K68="",-1,K68)=0)*(1-(IF(K68="",-1,K68)>=0)*(IF(K68="",-1,K68)<=1)),IF(C68="peso_corporal",IF(ISNUMBER(E68),E68,0)+I68,I68)*J68*1000+I68,0)=Y68,2,IF(IF((G68>0)*(IF(H68="",-1,H68)=0)*(1-(IF(H68="",-1,H68)>=0)*(IF(H68="",-1,H68)<=1)),IF(C68="peso_corporal",IF(ISNUMBER(E68),E68,0)+F68,F68)*G68*1000+F68,0)=Y68,1,0)))))) -> 0 | AA68: =MAX(IF((G68>=3)*(1-(IF(H68="",-1,H68)>=0)*(IF(H68="",-1,H68)<=1))*(1-(IF(H68="",-1,H68)=0)),IF(C68="peso_corporal",IF(ISNUMBER(E68),E68,0)+F68,F68)*(30+G68)*100+F68,0),IF((J68>=3)*(1-(IF(K68="",-1,K68)>=0)*(IF(K68="",-1,K68)<=1))*(1-(IF(K68="",-1,K68)=0)),IF(C68="peso_corporal",IF(ISNUMBER(E68),E68,0)+I68,I68)*(30+J68)*100+I68,0),IF((M68>=3)*(1-(IF(N68="",-1,N68)>=0)*(IF(N68="",-1,N68)<=1))*(1-(IF(N68="",-1,N68)=0)),IF(C68="peso_corporal",IF(ISNUMBER(E68),E68,0)+L68,L68)*(30+M68)*100+L68,0),IF((P68>=3)*(1-(IF(Q68="",-1,Q68)>=0)*(IF(Q68="",-1,Q68)<=1))*(1-(IF(Q68="",-1,Q68)=0)),IF(C68="peso_corporal",IF(ISNUMBER(E68),E68,0)+O68,O68)*(30+P68)*100+O68,0),IF((S68>=3)*(1-(IF(T68="",-1,T68)>=0)*(IF(T68="",-1,T68)<=1))*(1-(IF(T68="",-1,T68)=0)),IF(C68="peso_corporal",IF(ISNUMBER(E68),E68,0)+R68,R68)*(30+S68)*100+R68,0)) -> 0 | AB68: =IF(AA68=0,0,IF(IF((S68>=3)*(1-(IF(T68="",-1,T68)>=0)*(IF(T68="",-1,T68)<=1))*(1-(IF(T68="",-1,T68)=0)),IF(C68="peso_corporal",IF(ISNUMBER(E68),E68,0)+R68,R68)*(30+S68)*100+R68,0)=AA68,5,IF(IF((P68>=3)*(1-(IF(Q68="",-1,Q68)>=0)*(IF(Q68="",-1,Q68)<=1))*(1-(IF(Q68="",-1,Q68)=0)),IF(C68="peso_corporal",IF(ISNUMBER(E68),E68,0)+O68,O68)*(30+P68)*100+O68,0)=AA68,4,IF(IF((M68>=3)*(1-(IF(N68="",-1,N68)>=0)*(IF(N68="",-1,N68)<=1))*(1-(IF(N68="",-1,N68)=0)),IF(C68="peso_corporal",IF(ISNUMBER(E68),E68,0)+L68,L68)*(30+M68)*100+L68,0)=AA68,3,IF(IF((J68>=3)*(1-(IF(K68="",-1,K68)>=0)*(IF(K68="",-1,K68)<=1))*(1-(IF(K68="",-1,K68)=0)),IF(C68="peso_corporal",IF(ISNUMBER(E68),E68,0)+I68,I68)*(30+J68)*100+I68,0)=AA68,2,IF(IF((G68>=3)*(1-(IF(H68="",-1,H68)>=0)*(IF(H68="",-1,H68)<=1))*(1-(IF(H68="",-1,H68)=0)),IF(C68="peso_corporal",IF(ISNUMBER(E68),E68,0)+F68,F68)*(30+G68)*100+F68,0)=AA68,1,0)))))) -> 0 | AC68: =IF(X68>0,"A"&X68,IF(Z68>0,"B"&Z68,IF(AB68>0,"C"&AB68,"")))
A69: — CUADRICEPS —
A70: Extension Cuadriceps | B70: Vasto Externo | C70: =IFERROR(INDEX(EJERCICIOS!$D$3:$D$75,MATCH(A70&"|"&B70,EJERCICIOS!$G$3:$G$75,0)),"--") -> -- | D70: 3 | E70: =IFERROR(LOOKUP(2,1/(MEDIDAS_Y_PESO!$B$3:$B$5<>""),MEDIDAS_Y_PESO!$B$3:$B$5),"--") -> 80 | U70: =IFERROR(IF(IF(X70>0,X70,IF(Z70>0,Z70,IF(AB70>0,AB70,0)))=0,"--",ROUND(CHOOSE(IF(X70>0,X70,IF(Z70>0,Z70,IF(AB70>0,AB70,0))),IF(C70="peso_corporal",IF(ISNUMBER(E70),E70,0)+F70,F70)*(1+G70/30),IF(C70="peso_corporal",IF(ISNUMBER(E70),E70,0)+I70,I70)*(1+J70/30),IF(C70="peso_corporal",IF(ISNUMBER(E70),E70,0)+L70,L70)*(1+M70/30),IF(C70="peso_corporal",IF(ISNUMBER(E70),E70,0)+O70,O70)*(1+P70/30),IF(C70="peso_corporal",IF(ISNUMBER(E70),E70,0)+R70,R70)*(1+S70/30)),1)),"--") -> -- | V70: =IF(SUGERENCIAS!N138="SIN","Sin datos anteriores",IF(SUGERENCIAS!N138="SUBIR_F","^ SUBIR FUERTE | Kg:"&ROUND(SUGERENCIAS!K138,1)&" R:"&ROUND(SUGERENCIAS!L138,0)&" RIR:"&ROUND(SUGERENCIAS!M138,0),IF(SUGERENCIAS!N138="SUBIR_E","^ SUBIR (Est.) | Kg:"&ROUND(SUGERENCIAS!K138,1)&" R:"&ROUND(SUGERENCIAS!L138,0)&" RIR:"&ROUND(SUGERENCIAS!M138,0),IF(SUGERENCIAS!N138="SUBIR","^ SUBIR | Kg:"&ROUND(SUGERENCIAS!K138,1)&" R:"&ROUND(SUGERENCIAS!L138,0)&" RIR:"&ROUND(SUGERENCIAS!M138,0),IF(SUGERENCIAS!N138="BAJAR","v BAJAR | Kg:"&ROUND(SUGERENCIAS!K138,1)&" R:"&ROUND(SUGERENCIAS!L138,0)&" RIR:"&ROUND(SUGERENCIAS!M138,0),"= MANT | Kg:"&ROUND(SUGERENCIAS!K138,1)&" R:"&ROUND(SUGERENCIAS!L138,0)&" RIR:"&ROUND(SUGERENCIAS!M138,0)))))) -> Sin datos anteriores | W70: =MAX(IF((G70>0)*(IF(H70="",-1,H70)>=0)*(IF(H70="",-1,H70)<=1),IF(C70="peso_corporal",IF(ISNUMBER(E70),E70,0)+F70,F70)*G70*1000+F70,0),IF((J70>0)*(IF(K70="",-1,K70)>=0)*(IF(K70="",-1,K70)<=1),IF(C70="peso_corporal",IF(ISNUMBER(E70),E70,0)+I70,I70)*J70*1000+I70,0),IF((M70>0)*(IF(N70="",-1,N70)>=0)*(IF(N70="",-1,N70)<=1),IF(C70="peso_corporal",IF(ISNUMBER(E70),E70,0)+L70,L70)*M70*1000+L70,0),IF((P70>0)*(IF(Q70="",-1,Q70)>=0)*(IF(Q70="",-1,Q70)<=1),IF(C70="peso_corporal",IF(ISNUMBER(E70),E70,0)+O70,O70)*P70*1000+O70,0),IF((S70>0)*(IF(T70="",-1,T70)>=0)*(IF(T70="",-1,T70)<=1),IF(C70="peso_corporal",IF(ISNUMBER(E70),E70,0)+R70,R70)*S70*1000+R70,0)) -> 0 | X70: =IF(W70=0,0,IF(IF((S70>0)*(IF(T70="",-1,T70)>=0)*(IF(T70="",-1,T70)<=1),IF(C70="peso_corporal",IF(ISNUMBER(E70),E70,0)+R70,R70)*S70*1000+R70,0)=W70,5,IF(IF((P70>0)*(IF(Q70="",-1,Q70)>=0)*(IF(Q70="",-1,Q70)<=1),IF(C70="peso_corporal",IF(ISNUMBER(E70),E70,0)+O70,O70)*P70*1000+O70,0)=W70,4,IF(IF((M70>0)*(IF(N70="",-1,N70)>=0)*(IF(N70="",-1,N70)<=1),IF(C70="peso_corporal",IF(ISNUMBER(E70),E70,0)+L70,L70)*M70*1000+L70,0)=W70,3,IF(IF((J70>0)*(IF(K70="",-1,K70)>=0)*(IF(K70="",-1,K70)<=1),IF(C70="peso_corporal",IF(ISNUMBER(E70),E70,0)+I70,I70)*J70*1000+I70,0)=W70,2,IF(IF((G70>0)*(IF(H70="",-1,H70)>=0)*(IF(H70="",-1,H70)<=1),IF(C70="peso_corporal",IF(ISNUMBER(E70),E70,0)+F70,F70)*G70*1000+F70,0)=W70,1,0)))))) -> 0 | Y70: =MAX(IF((G70>0)*(IF(H70="",-1,H70)=0)*(1-(IF(H70="",-1,H70)>=0)*(IF(H70="",-1,H70)<=1)),IF(C70="peso_corporal",IF(ISNUMBER(E70),E70,0)+F70,F70)*G70*1000+F70,0),IF((J70>0)*(IF(K70="",-1,K70)=0)*(1-(IF(K70="",-1,K70)>=0)*(IF(K70="",-1,K70)<=1)),IF(C70="peso_corporal",IF(ISNUMBER(E70),E70,0)+I70,I70)*J70*1000+I70,0),IF((M70>0)*(IF(N70="",-1,N70)=0)*(1-(IF(N70="",-1,N70)>=0)*(IF(N70="",-1,N70)<=1)),IF(C70="peso_corporal",IF(ISNUMBER(E70),E70,0)+L70,L70)*M70*1000+L70,0),IF((P70>0)*(IF(Q70="",-1,Q70)=0)*(1-(IF(Q70="",-1,Q70)>=0)*(IF(Q70="",-1,Q70)<=1)),IF(C70="peso_corporal",IF(ISNUMBER(E70),E70,0)+O70,O70)*P70*1000+O70,0),IF((S70>0)*(IF(T70="",-1,T70)=0)*(1-(IF(T70="",-1,T70)>=0)*(IF(T70="",-1,T70)<=1)),IF(C70="peso_corporal",IF(ISNUMBER(E70),E70,0)+R70,R70)*S70*1000+R70,0)) -> 0 | Z70: =IF(Y70=0,0,IF(IF((S70>0)*(IF(T70="",-1,T70)=0)*(1-(IF(T70="",-1,T70)>=0)*(IF(T70="",-1,T70)<=1)),IF(C70="peso_corporal",IF(ISNUMBER(E70),E70,0)+R70,R70)*S70*1000+R70,0)=Y70,5,IF(IF((P70>0)*(IF(Q70="",-1,Q70)=0)*(1-(IF(Q70="",-1,Q70)>=0)*(IF(Q70="",-1,Q70)<=1)),IF(C70="peso_corporal",IF(ISNUMBER(E70),E70,0)+O70,O70)*P70*1000+O70,0)=Y70,4,IF(IF((M70>0)*(IF(N70="",-1,N70)=0)*(1-(IF(N70="",-1,N70)>=0)*(IF(N70="",-1,N70)<=1)),IF(C70="peso_corporal",IF(ISNUMBER(E70),E70,0)+L70,L70)*M70*1000+L70,0)=Y70,3,IF(IF((J70>0)*(IF(K70="",-1,K70)=0)*(1-(IF(K70="",-1,K70)>=0)*(IF(K70="",-1,K70)<=1)),IF(C70="peso_corporal",IF(ISNUMBER(E70),E70,0)+I70,I70)*J70*1000+I70,0)=Y70,2,IF(IF((G70>0)*(IF(H70="",-1,H70)=0)*(1-(IF(H70="",-1,H70)>=0)*(IF(H70="",-1,H70)<=1)),IF(C70="peso_corporal",IF(ISNUMBER(E70),E70,0)+F70,F70)*G70*1000+F70,0)=Y70,1,0)))))) -> 0 | AA70: =MAX(IF((G70>=3)*(1-(IF(H70="",-1,H70)>=0)*(IF(H70="",-1,H70)<=1))*(1-(IF(H70="",-1,H70)=0)),IF(C70="peso_corporal",IF(ISNUMBER(E70),E70,0)+F70,F70)*(30+G70)*100+F70,0),IF((J70>=3)*(1-(IF(K70="",-1,K70)>=0)*(IF(K70="",-1,K70)<=1))*(1-(IF(K70="",-1,K70)=0)),IF(C70="peso_corporal",IF(ISNUMBER(E70),E70,0)+I70,I70)*(30+J70)*100+I70,0),IF((M70>=3)*(1-(IF(N70="",-1,N70)>=0)*(IF(N70="",-1,N70)<=1))*(1-(IF(N70="",-1,N70)=0)),IF(C70="peso_corporal",IF(ISNUMBER(E70),E70,0)+L70,L70)*(30+M70)*100+L70,0),IF((P70>=3)*(1-(IF(Q70="",-1,Q70)>=0)*(IF(Q70="",-1,Q70)<=1))*(1-(IF(Q70="",-1,Q70)=0)),IF(C70="peso_corporal",IF(ISNUMBER(E70),E70,0)+O70,O70)*(30+P70)*100+O70,0),IF((S70>=3)*(1-(IF(T70="",-1,T70)>=0)*(IF(T70="",-1,T70)<=1))*(1-(IF(T70="",-1,T70)=0)),IF(C70="peso_corporal",IF(ISNUMBER(E70),E70,0)+R70,R70)*(30+S70)*100+R70,0)) -> 0 | AB70: =IF(AA70=0,0,IF(IF((S70>=3)*(1-(IF(T70="",-1,T70)>=0)*(IF(T70="",-1,T70)<=1))*(1-(IF(T70="",-1,T70)=0)),IF(C70="peso_corporal",IF(ISNUMBER(E70),E70,0)+R70,R70)*(30+S70)*100+R70,0)=AA70,5,IF(IF((P70>=3)*(1-(IF(Q70="",-1,Q70)>=0)*(IF(Q70="",-1,Q70)<=1))*(1-(IF(Q70="",-1,Q70)=0)),IF(C70="peso_corporal",IF(ISNUMBER(E70),E70,0)+O70,O70)*(30+P70)*100+O70,0)=AA70,4,IF(IF((M70>=3)*(1-(IF(N70="",-1,N70)>=0)*(IF(N70="",-1,N70)<=1))*(1-(IF(N70="",-1,N70)=0)),IF(C70="peso_corporal",IF(ISNUMBER(E70),E70,0)+L70,L70)*(30+M70)*100+L70,0)=AA70,3,IF(IF((J70>=3)*(1-(IF(K70="",-1,K70)>=0)*(IF(K70="",-1,K70)<=1))*(1-(IF(K70="",-1,K70)=0)),IF(C70="peso_corporal",IF(ISNUMBER(E70),E70,0)+I70,I70)*(30+J70)*100+I70,0)=AA70,2,IF(IF((G70>=3)*(1-(IF(H70="",-1,H70)>=0)*(IF(H70="",-1,H70)<=1))*(1-(IF(H70="",-1,H70)=0)),IF(C70="peso_corporal",IF(ISNUMBER(E70),E70,0)+F70,F70)*(30+G70)*100+F70,0)=AA70,1,0)))))) -> 0 | AC70: =IF(X70>0,"A"&X70,IF(Z70>0,"B"&Z70,IF(AB70>0,"C"&AB70,"")))
A71: — BICEPS —
